source_row_id,campaign_raw,campaign_canonical,campaign_code,campaign_start_year,mapping_method,mapping_confidence
6b141e8c0262e5d2,SLK 2025,SALAK_2025_2026,E540-30101-D245401,2025,campaign_code_lookup,high
9063c89c751d123f,SLK 2025,SALAK_2025_2026,E540-30101-D245401,2025,campaign_code_lookup,high
4081b267ba8f50ed,SLK 2025,SALAK_2025_2026,E540-30101-D245401,2025,campaign_code_lookup,high
61ad12a6dca200b7,SLK 2025,SALAK_2025_2026,E540-30101-D245401,2025,campaign_code_lookup,high
436d7e11af4bf201,SLK 2025,SALAK_2025_2026,E540-30101-D245401,2025,campaign_code_lookup,high
4b6f73b1244b893a,SLK 2025,SALAK_2025_2026,E540-30101-D245401,2025,campaign_code_lookup,high
4c8a5410ea861673,SLK 2025,SALAK_2025_2026,E540-30101-D245401,2025,campaign_code_lookup,high
b09fe6aac2cb5986,SLK 2025,SALAK_2025_2026,E540-30101-D245401,2025,campaign_code_lookup,high
34c240028562d1e0,SLK 2025,SALAK_2025_2026,E540-30101-D245401,2025,campaign_code_lookup,high
b714f1dd66f9f955,SLK 2025,SALAK_2025_2026,E540-30101-D245401,2025,campaign_code_lookup,high
98534b2782ddfe6b,SLK 2025,SALAK_2025_2026,E540-30101-D245401,2025,campaign_code_lookup,high
db7b460149006e97,SLK 2025,SALAK_2025_2026,E540-30101-D245401,2025,campaign_code_lookup,high
a627bfa8a66f0523,SLK 2025,SALAK_2025_2026,E540-30101-D245401,2025,campaign_code_lookup,high
d6199b2a1c7a21d3,SLK 2025,SALAK_2025_2026,E540-30101-D245401,2025,campaign_code_lookup,high
b853c2d9eb969017,SLK 2025,SALAK_2025_2026,E540-30101-D245401,2025,campaign_code_lookup,high
347e7ceffe56a856,SLK 2025,SALAK_2025_2026,E540-30101-D245401,2025,campaign_code_lookup,high
b8b7dd42ef564761,SLK 2025,SALAK_2025_2026,E540-30101-D245401,2025,campaign_code_lookup,high
040054f525d837b0,SLK 2025,SALAK_2025_2026,E540-30101-D245401,2025,campaign_code_lookup,high
e212cad996274b64,SLK 2025,SALAK_2025_2026,E540-30101-D245401,2025,campaign_code_lookup,high
637bb248e260c19f,SLK 2025,SALAK_2025_2026,E540-30101-D245401,2025,campaign_code_lookup,high
c5887442b82c14c7,SLK 2025,SALAK_2025_2026,E540-30101-D245401,2025,campaign_code_lookup,high
25637daec875ecab,SLK 2025,SALAK_2025_2026,E540-30101-D245401,2025,campaign_code_lookup,high
23becbd551cd7d47,SLK 2025,SALAK_2025_2026,E540-30101-D245401,2025,campaign_code_lookup,high
17a5c7a6215bd9a9,SLK 2025,SALAK_2025_2026,E540-30101-D245401,2025,campaign_code_lookup,high
95ad7423a81e6c5d,SLK 2025,SALAK_2025_2026,E540-30101-D245401,2025,campaign_code_lookup,high
eceef48b626badd7,SLK 2025,SALAK_2025_2026,E540-30101-D245401,2025,campaign_code_lookup,high
d45f2290158c52cb,SLK 2025,SALAK_2025_2026,E540-30101-D245401,2025,campaign_code_lookup,high
e8eade7a86f25d77,SLK 2025,SALAK_2025_2026,E540-30101-D245401,2025,campaign_code_lookup,high
b1620117dd85d7b6,SLK 2025,SALAK_2025_2026,E540-30101-D245401,2025,campaign_code_lookup,high
041537d4c9eeb283,SLK 2025,SALAK_2025_2026,E540-30101-D245401,2025,campaign_code_lookup,high
e3d7968923100012,SLK 2025,SALAK_2025_2026,E540-30101-D245401,2025,campaign_code_lookup,high
7e62be60683ba05c,SLK 2025,SALAK_2025_2026,E540-30101-D245401,2025,campaign_code_lookup,high
519fbba7b5265313,SLK 2025,SALAK_2025_2026,E540-30101-D245401,2025,campaign_code_lookup,high
aa11938743df9ef4,SLK 2025,SALAK_2025_2026,E540-30101-D245401,2025,campaign_code_lookup,high
be73129ed9e51130,SLK 2025,SALAK_2025_2026,E540-30101-D245401,2025,campaign_code_lookup,high
3664ae21b332f18e,SLK 2025,SALAK_2025_2026,E540-30101-D245401,2025,campaign_code_lookup,high
20d5629d534b145a,SLK 2025,SALAK_2025_2026,E540-30101-D245401,2025,campaign_code_lookup,high
c6a6a9e56568d60a,SLK 2025,SALAK_2025_2026,E540-30101-D245401,2025,campaign_code_lookup,high
2beb94ea30072008,SLK 2025,SALAK_2025_2026,E540-30101-D245401,2025,campaign_code_lookup,high
b731ee7747eb419c,SLK 2025,SALAK_2025_2026,E540-30101-D245401,2025,campaign_code_lookup,high
a79eec22651f4f7c,SLK 2025,SALAK_2025_2026,E540-30101-D245401,2025,campaign_code_lookup,high
5f1d6eac6bf4ece4,SLK 2025,SALAK_2025_2026,E540-30101-D245401,2025,campaign_code_lookup,high
ad0a5c95a630855b,SLK 2025,SALAK_2025_2026,E540-30101-D245401,2025,campaign_code_lookup,high
a7e30c029e3b76f6,SLK 2025,SALAK_2025_2026,E540-30101-D245401,2025,campaign_code_lookup,high
e1f8ffffb982fa2e,SLK 2025,SALAK_2025_2026,E540-30101-D245401,2025,campaign_code_lookup,high
1603ccd3de09e4e9,SLK 2025,SALAK_2025_2026,E540-30101-D245401,2025,campaign_code_lookup,high
a78ea4a5e2d77e9e,SLK 2025,SALAK_2025_2026,E540-30101-D245401,2025,campaign_code_lookup,high
15d0ed0f52e00108,SLK 2025,SALAK_2025_2026,E540-30101-D245401,2025,campaign_code_lookup,high
d715f6ec24ad0590,SLK 2025,SALAK_2025_2026,E540-30101-D245401,2025,campaign_code_lookup,high
0eadd811fa68b247,SLK 2025,SALAK_2025_2026,E540-30101-D245401,2025,campaign_code_lookup,high
f811a7481e5cda02,SLK 2025,SALAK_2025_2026,E540-30101-D245401,2025,campaign_code_lookup,high
0b77b13601079144,SLK 2025,SALAK_2025_2026,E540-30101-D245401,2025,campaign_code_lookup,high
787acd1207bf8631,SLK 2025,SALAK_2025_2026,E540-30101-D245401,2025,campaign_code_lookup,high
e9610dee688ebdda,SLK 2025,SALAK_2025_2026,E540-30101-D245401,2025,campaign_code_lookup,high
8485f188bc044ba0,SLK 2025,SALAK_2025_2026,E540-30101-D245401,2025,campaign_code_lookup,high
e48d165490a380a7,SLK 2025,SALAK_2025_2026,E540-30101-D245401,2025,campaign_code_lookup,high
87ec1069bcda7c96,SLK 2025,SALAK_2025_2026,E540-30101-D245401,2025,campaign_code_lookup,high
55f2a894ef2b0095,SLK 2025,SALAK_2025_2026,E540-30101-D245401,2025,campaign_code_lookup,high
f9294e81d5eabe3d,SLK 2025,SALAK_2025_2026,E540-30101-D245401,2025,campaign_code_lookup,high
094748c31b077310,SLK 2025,SALAK_2025_2026,E540-30101-D245401,2025,campaign_code_lookup,high
cfe2f132ec8cae13,SLK 2025,SALAK_2025_2026,E540-30101-D245401,2025,campaign_code_lookup,high
e454a18995bd270f,SLK 2025,SALAK_2025_2026,E540-30101-D245401,2025,campaign_code_lookup,high
6eecae8bc916fdee,SLK 2025,SALAK_2025_2026,E540-30101-D245401,2025,campaign_code_lookup,high
98edbea722b58903,SLK 2025,SALAK_2025_2026,E540-30101-D245401,2025,campaign_code_lookup,high
8f52e606fd2da0b6,SLK 2025,SALAK_2025_2026,E540-30101-D245401,2025,campaign_code_lookup,high
6c3704cccf78b320,SLK 2025,SALAK_2025_2026,E540-30101-D245401,2025,campaign_code_lookup,high
b3e3dbe8b5e06c28,SLK 2025,SALAK_2025_2026,E540-30101-D245401,2025,campaign_code_lookup,high
7965644760512910,SLK 2025,SALAK_2025_2026,E540-30101-D245401,2025,campaign_code_lookup,high
cf07c0e450ee19d2,SLK 2025,SALAK_2025_2026,E540-30101-D245401,2025,campaign_code_lookup,high
ab1f0b5295af7076,SLK 2025,SALAK_2025_2026,E540-30101-D245401,2025,campaign_code_lookup,high
3aeccd72286522dc,SLK 2025,SALAK_2025_2026,E540-30101-D245401,2025,campaign_code_lookup,high
91fe31561102a91a,SLK 2025,SALAK_2025_2026,E540-30101-D245401,2025,campaign_code_lookup,high
6f881315b7c09065,SLK 2025,SALAK_2025_2026,E540-30101-D245401,2025,campaign_code_lookup,high
e62f2bb63b87afc0,SLK 2025,SALAK_2025_2026,E540-30101-D245401,2025,campaign_code_lookup,high
4633db882e6d77b8,SLK 2025,SALAK_2025_2026,E540-30101-D245401,2025,campaign_code_lookup,high
398dead57bd1e668,SLK 2025,SALAK_2025_2026,E540-30101-D245401,2025,campaign_code_lookup,high
ae55e2cfe450b62a,SLK 2025,SALAK_2025_2026,E540-30101-D245401,2025,campaign_code_lookup,high
2338d4a507488ce2,SLK 2025,SALAK_2025_2026,E540-30101-D245401,2025,campaign_code_lookup,high
37bb8194c2f1dd0e,SLK 2025,SALAK_2025_2026,E540-30101-D245401,2025,campaign_code_lookup,high
897ae4c034b77d9a,SLK 2025,SALAK_2025_2026,E540-30101-D245401,2025,campaign_code_lookup,high
31d2285deb2d3ddf,SLK 2025,SALAK_2025_2026,E540-30101-D245401,2025,campaign_code_lookup,high
bbb278330dfa5068,SLK 2025,SALAK_2025_2026,E540-30101-D245401,2025,campaign_code_lookup,high
2a3e419ceb2ccf9b,SLK 2025,SALAK_2025_2026,E540-30101-D245401,2025,campaign_code_lookup,high
2722cfea820d6da8,SLK 2025,SALAK_2025_2026,E540-30101-D245401,2025,campaign_code_lookup,high
bd27d4d69c741a85,SLK 2025,SALAK_2025_2026,E540-30101-D245401,2025,campaign_code_lookup,high
9b7ff7d6b17a0182,SLK 2025,SALAK_2025_2026,E540-30101-D245401,2025,campaign_code_lookup,high
e53bf1123e698356,SLK 2025,SALAK_2025_2026,E540-30101-D245401,2025,campaign_code_lookup,high
9d27f86bb34c599b,SLK 2025,SALAK_2025_2026,E540-30101-D245401,2025,campaign_code_lookup,high
df54bbc48a4d1df2,SLK 2025,SALAK_2025_2026,E540-30101-D245401,2025,campaign_code_lookup,high
eb1621d3f5a6b3cf,SLK 2025,SALAK_2025_2026,E540-30101-D245401,2025,campaign_code_lookup,high
6cd69206a95f3adf,SLK 2025,SALAK_2025_2026,E540-30101-D245401,2025,campaign_code_lookup,high
c3f6a2123bf4935d,SLK 2025,SALAK_2025_2026,E540-30101-D245401,2025,campaign_code_lookup,high
35f069aac3a7bcbc,SLK 2025,SALAK_2025_2026,E540-30101-D245401,2025,campaign_code_lookup,high
f851fad33831e2b5,SLK 2025,SALAK_2025_2026,E540-30101-D245401,2025,campaign_code_lookup,high
a32b5f98a27801d1,SLK 2025,SALAK_2025_2026,E540-30101-D245401,2025,campaign_code_lookup,high
785af77f31a1f9ea,SLK 2025,SALAK_2025_2026,E540-30101-D245401,2025,campaign_code_lookup,high
d033dfa5c42588bb,SLK 2025,SALAK_2025_2026,E540-30101-D245401,2025,campaign_code_lookup,high
2757d1dc9de2ba26,SLK 2025,SALAK_2025_2026,E540-30101-D245401,2025,campaign_code_lookup,high
4899ee0c72d2f51c,SLK 2025,SALAK_2025_2026,E540-30101-D245401,2025,campaign_code_lookup,high
00fa0a3b8881247c,SLK 2025,SALAK_2025_2026,E540-30101-D245401,2025,campaign_code_lookup,high
b37387c52f764f3c,SLK 2025,SALAK_2025_2026,E540-30101-D245401,2025,campaign_code_lookup,high
529c039c4b93a8af,SLK 2025,SALAK_2025_2026,E540-30101-D245401,2025,campaign_code_lookup,high
a30abd8a8c22020e,SLK 2025,SALAK_2025_2026,E540-30101-D245401,2025,campaign_code_lookup,high
a8952e631fe839be,SLK 2025,SALAK_2025_2026,E540-30101-D245401,2025,campaign_code_lookup,high
4a71b4d6f4385730,SLK 2025,SALAK_2025_2026,E540-30101-D245401,2025,campaign_code_lookup,high
d65d0c804182d976,SLK 2025,SALAK_2025_2026,E540-30101-D245401,2025,campaign_code_lookup,high
bca3090c9426cc64,SLK 2025,SALAK_2025_2026,E540-30101-D245401,2025,campaign_code_lookup,high
1fa32080d576794b,SLK 2025,SALAK_2025_2026,E540-30101-D245401,2025,campaign_code_lookup,high
4cf05d86ea4b0d05,SLK 2025,SALAK_2025_2026,E540-30101-D245401,2025,campaign_code_lookup,high
ef80938a4db07960,SLK 2025,SALAK_2025_2026,E540-30101-D245401,2025,campaign_code_lookup,high
49083c6af64b1548,SLK 2025,SALAK_2025_2026,E540-30101-D245401,2025,campaign_code_lookup,high
80fce25220cdcfbf,SLK 2025,SALAK_2025_2026,E540-30101-D245401,2025,campaign_code_lookup,high
ae147b1a035aef07,SLK 2025,SALAK_2025_2026,E540-30101-D245401,2025,campaign_code_lookup,high
2ab233aefdd093d4,SLK 2025,SALAK_2025_2026,E540-30101-D245401,2025,campaign_code_lookup,high
f6609c6e0f389252,SLK 2025,SALAK_2025_2026,E540-30101-D245401,2025,campaign_code_lookup,high
2a4e6163ab1a970b,SLK 2025,SALAK_2025_2026,E540-30101-D245401,2025,campaign_code_lookup,high
82c6be3b68fde65e,SLK 2025,SALAK_2025_2026,E540-30101-D245401,2025,campaign_code_lookup,high
b0448dfb51067bd3,SLK 2025,SALAK_2025_2026,E540-30101-D245401,2025,campaign_code_lookup,high
ac273ae4e4933c00,SLK 2025,SALAK_2025_2026,E540-30101-D245401,2025,campaign_code_lookup,high
2f6f04b5b6e64dc6,SLK 2025,SALAK_2025_2026,E540-30101-D245401,2025,campaign_code_lookup,high
c7cfc1b9e075ba40,SLK 2025,SALAK_2025_2026,E540-30101-D245401,2025,campaign_code_lookup,high
3dc4f8632e5ed185,SLK 2025,SALAK_2025_2026,E540-30101-D245401,2025,campaign_code_lookup,high
935501a2976fe032,SLK 2025,SALAK_2025_2026,E540-30101-D245401,2025,campaign_code_lookup,high
dba6f4fde87affea,SLK 2025,SALAK_2025_2026,E540-30101-D245401,2025,campaign_code_lookup,high
23f8b0b05b50f9cc,SLK 2025,SALAK_2025_2026,E540-30101-D245401,2025,campaign_code_lookup,high
d25f4cc3ba8ca504,SLK 2025,SALAK_2025_2026,E540-30101-D245401,2025,campaign_code_lookup,high
ba99c195b09dd609,SLK 2025,SALAK_2025_2026,E540-30101-D245401,2025,campaign_code_lookup,high
6c88e8ba6d01c5d1,SLK 2025,SALAK_2025_2026,E540-30101-D245401,2025,campaign_code_lookup,high
f90a70f20181fd46,SLK 2025,SALAK_2025_2026,E540-30101-D245401,2025,campaign_code_lookup,high
667181f1e3938bed,SLK 2025,SALAK_2025_2026,E540-30101-D245401,2025,campaign_code_lookup,high
6440d79c3319e4a3,SLK 2025,SALAK_2025_2026,E540-30101-D245401,2025,campaign_code_lookup,high
da457e798bb3d6e0,SLK 2025,SALAK_2025_2026,E540-30101-D245401,2025,campaign_code_lookup,high
fe38a61c5d3c2e81,SLK 2025,SALAK_2025_2026,E540-30101-D245401,2025,campaign_code_lookup,high
9ded9ff558fa3413,SLK 2025,SALAK_2025_2026,E540-30101-D245401,2025,campaign_code_lookup,high
66ef5ae18addaa80,SLK 2025,SALAK_2025_2026,E540-30101-D245401,2025,campaign_code_lookup,high
4805cfdbf2037f44,SLK 2025,SALAK_2025_2026,E540-30101-D245401,2025,campaign_code_lookup,high
db6a9d923089b36e,SLK 2025,SALAK_2025_2026,E540-30101-D245401,2025,campaign_code_lookup,high
7d1be1238c69ccde,SLK 2025,SALAK_2025_2026,E540-30101-D245401,2025,campaign_code_lookup,high
0f083a33715bdf34,SLK 2025,SALAK_2025_2026,E540-30101-D245401,2025,campaign_code_lookup,high
61f8db1b806deaa9,SLK 2025,SALAK_2025_2026,E540-30101-D245401,2025,campaign_code_lookup,high
5e61a85a1dfb55d5,SLK 2025,SALAK_2025_2026,E540-30101-D245401,2025,campaign_code_lookup,high
60f14aa9b617ae13,SLK 2025,SALAK_2025_2026,E540-30101-D245401,2025,campaign_code_lookup,high
705a5d807f5950fd,SLK 2025,SALAK_2025_2026,E540-30101-D245401,2025,campaign_code_lookup,high
43bb737c985b374d,SLK 2025,SALAK_2025_2026,E540-30101-D245401,2025,campaign_code_lookup,high
5f1f4c1e7a603546,SLK 2025,SALAK_2025_2026,E540-30101-D245401,2025,campaign_code_lookup,high
83359dc40549e32a,SLK 2025,SALAK_2025_2026,E540-30101-D245401,2025,campaign_code_lookup,high
17ce744629ada959,SLK 2025,SALAK_2025_2026,E540-30101-D245401,2025,campaign_code_lookup,high
e4cb404b3e3cf124,SLK 2025,SALAK_2025_2026,E540-30101-D245401,2025,campaign_code_lookup,high
e3b6f5930d110381,SLK 2025,SALAK_2025_2026,E540-30101-D245401,2025,campaign_code_lookup,high
d7b9f0bff9245e2d,SLK 2025,SALAK_2025_2026,E540-30101-D245401,2025,campaign_code_lookup,high
ca68e5161ef51b63,SLK 2025,SALAK_2025_2026,E540-30101-D245401,2025,campaign_code_lookup,high
544ad4efc8ac4cac,SLK 2025,SALAK_2025_2026,E540-30101-D245401,2025,campaign_code_lookup,high
36026d9ed307150d,SLK 2025,SALAK_2025_2026,E540-30101-D245401,2025,campaign_code_lookup,high
20906f254baac969,SLK 2025,SALAK_2025_2026,E540-30101-D245401,2025,campaign_code_lookup,high
24948a9334fcfcb6,SLK 2025,SALAK_2025_2026,E540-30101-D245401,2025,campaign_code_lookup,high
4e5d970553ca8213,SLK 2025,SALAK_2025_2026,E540-30101-D245401,2025,campaign_code_lookup,high
435ddfd364c985f1,SLK 2025,SALAK_2025_2026,E540-30101-D245401,2025,campaign_code_lookup,high
ea9a9e7602296b2b,SLK 2025,SALAK_2025_2026,E540-30101-D245401,2025,campaign_code_lookup,high
c8f23c3a5a003358,SLK 2025,SALAK_2025_2026,E540-30101-D245401,2025,campaign_code_lookup,high
88c857f7a503c8d8,SLK 2025,SALAK_2025_2026,E540-30101-D245401,2025,campaign_code_lookup,high
95358c5126005455,SLK 2025,SALAK_2025_2026,E540-30101-D245401,2025,campaign_code_lookup,high
07dab00784cd51eb,SLK 2025,SALAK_2025_2026,E540-30101-D245401,2025,campaign_code_lookup,high
8f2365f3a9515d53,SLK 2025,SALAK_2025_2026,E540-30101-D245401,2025,campaign_code_lookup,high
62d31ae6f32193d0,SLK 2025,SALAK_2025_2026,E540-30101-D245401,2025,campaign_code_lookup,high
fa29344884181bc2,SLK 2025,SALAK_2025_2026,E540-30101-D245401,2025,campaign_code_lookup,high
00a8449f618eb29b,SLK 2025,SALAK_2025_2026,E540-30101-D245401,2025,campaign_code_lookup,high
9e5c3477bea1068b,SLK 2025,SALAK_2025_2026,E540-30101-D245401,2025,campaign_code_lookup,high
51ae5993d29324ed,SLK 2025,SALAK_2025_2026,E540-30101-D245401,2025,campaign_code_lookup,high
b56ef7663a3e55d8,SLK 2025,SALAK_2025_2026,E540-30101-D245401,2025,campaign_code_lookup,high
5c117e6a89d13c37,SLK 2025,SALAK_2025_2026,E540-30101-D245401,2025,campaign_code_lookup,high
bc4fc48442b24001,SLK 2025,SALAK_2025_2026,E540-30101-D245401,2025,campaign_code_lookup,high
88188ab837bf0041,SLK 2025,SALAK_2025_2026,E540-30101-D245401,2025,campaign_code_lookup,high
041d9d7730f9e6b8,SLK 2025,SALAK_2025_2026,E540-30101-D245401,2025,campaign_code_lookup,high
fe15432a4032f767,SLK 2025,SALAK_2025_2026,E540-30101-D245401,2025,campaign_code_lookup,high
559ba470408b5a86,SLK 2025,SALAK_2025_2026,E540-30101-D245401,2025,campaign_code_lookup,high
f0f0a7f5401ce76d,SLK 2025,SALAK_2025_2026,E540-30101-D245401,2025,campaign_code_lookup,high
d8af77df9d546792,SLK 2025,SALAK_2025_2026,E540-30101-D245401,2025,campaign_code_lookup,high
85b46a935e01bd3c,SLK 2025,SALAK_2025_2026,E540-30101-D245401,2025,campaign_code_lookup,high
c3bcaf5d73066023,SLK 2025,SALAK_2025_2026,E540-30101-D245401,2025,campaign_code_lookup,high
feed89960d1bde66,SLK 2025,SALAK_2025_2026,E540-30101-D245401,2025,campaign_code_lookup,high
8f6b513b8d4db59f,SLK 2025,SALAK_2025_2026,E540-30101-D245401,2025,campaign_code_lookup,high
f22bd754897466a4,SLK 2025,SALAK_2025_2026,E540-30101-D245401,2025,campaign_code_lookup,high
af865c1959f28961,SLK 2025,SALAK_2025_2026,E540-30101-D245401,2025,campaign_code_lookup,high
26832665a010e0b2,SLK 2025,SALAK_2025_2026,E540-30101-D245401,2025,campaign_code_lookup,high
922de604f23f744f,SLK 2025,SALAK_2025_2026,E540-30101-D245401,2025,campaign_code_lookup,high
0e3d38415101c5ad,SLK 2025,SALAK_2025_2026,E540-30101-D245401,2025,campaign_code_lookup,high
0bee126540612d71,SLK 2025,SALAK_2025_2026,E540-30101-D245401,2025,campaign_code_lookup,high
794267222bf307e5,SLK 2025,SALAK_2025_2026,E540-30101-D245401,2025,campaign_code_lookup,high
3bdbcc6ff9570c73,SLK 2025,SALAK_2025_2026,E540-30101-D245401,2025,campaign_code_lookup,high
96f480bd9fde8c35,SLK 2025,SALAK_2025_2026,E540-30101-D245401,2025,campaign_code_lookup,high
a30296788d0225bf,SLK 2025,SALAK_2025_2026,E540-30101-D245401,2025,campaign_code_lookup,high
d5d251d42368d593,SLK 2025,SALAK_2025_2026,E540-30101-D245401,2025,campaign_code_lookup,high
64050153e586f2ef,SLK 2025,SALAK_2025_2026,E540-30101-D245401,2025,campaign_code_lookup,high
ad2b7f75677cff53,SLK 2025,SALAK_2025_2026,E540-30101-D245401,2025,campaign_code_lookup,high
41c959cb88492732,SLK 2025,SALAK_2025_2026,E540-30101-D245401,2025,campaign_code_lookup,high
7089bdb5bdfc7a14,SLK 2025,SALAK_2025_2026,E540-30101-D245401,2025,campaign_code_lookup,high
b8361396f07b9dea,SLK 2025,SALAK_2025_2026,E540-30101-D245401,2025,campaign_code_lookup,high
4a774fed707dfd5e,SLK 2025,SALAK_2025_2026,E540-30101-D245401,2025,campaign_code_lookup,high
556cde89f2e5be90,SLK 2025,SALAK_2025_2026,E540-30101-D245401,2025,campaign_code_lookup,high
ff25a2cc53749bb4,SLK 2025,SALAK_2025_2026,E540-30101-D245401,2025,campaign_code_lookup,high
8fb23efe59cafe1d,SLK 2025,SALAK_2025_2026,E540-30101-D245401,2025,campaign_code_lookup,high
622e6eee3b9e5979,SLK 2025,SALAK_2025_2026,E540-30101-D245401,2025,campaign_code_lookup,high
7d602ba69d642ec2,SLK 2025,SALAK_2025_2026,E540-30101-D245401,2025,campaign_code_lookup,high
29b79aa765e88e2e,SLK 2025,SALAK_2025_2026,E540-30101-D245401,2025,campaign_code_lookup,high
cfe36af0913796f0,SLK 2025,SALAK_2025_2026,E540-30101-D245401,2025,campaign_code_lookup,high
74ebfae299b04f52,SLK 2025,SALAK_2025_2026,E540-30101-D245401,2025,campaign_code_lookup,high
1f6647caee70a34e,SLK 2025,SALAK_2025_2026,E540-30101-D245401,2025,campaign_code_lookup,high
cb60b91a09001fd1,SLK 2025,SALAK_2025_2026,E540-30101-D245401,2025,campaign_code_lookup,high
e85af90e5fd2e6f3,SLK 2025,SALAK_2025_2026,E540-30101-D245401,2025,campaign_code_lookup,high
e33b8c31b1eb1842,SLK 2025,SALAK_2025_2026,E540-30101-D245401,2025,campaign_code_lookup,high
11693e2a36eafb66,SLK 2025,SALAK_2025_2026,E540-30101-D245401,2025,campaign_code_lookup,high
b2fbfde104b07ac2,SLK 2025,SALAK_2025_2026,E540-30101-D245401,2025,campaign_code_lookup,high
d9bfd8908775d7f7,SLK 2025,SALAK_2025_2026,E540-30101-D245401,2025,campaign_code_lookup,high
e4973721e24653c8,SLK 2025,SALAK_2025_2026,E540-30101-D245401,2025,campaign_code_lookup,high
f5370c1f3bc13c27,SLK 2025,SALAK_2025_2026,E540-30101-D245401,2025,campaign_code_lookup,high
73585e9ecaac2228,SLK 2025,SALAK_2025_2026,E540-30101-D245401,2025,campaign_code_lookup,high
a17fe9bd8917ef65,SLK 2025,SALAK_2025_2026,E540-30101-D245401,2025,campaign_code_lookup,high
06a85a9840e8118b,SLK 2025,SALAK_2025_2026,E540-30101-D245401,2025,campaign_code_lookup,high
2670cfc9091eeb47,SLK 2025,SALAK_2025_2026,E540-30101-D245401,2025,campaign_code_lookup,high
98ad41163f6185b4,SLK 2025,SALAK_2025_2026,E540-30101-D245401,2025,campaign_code_lookup,high
b4a280ae5f704838,SLK 2025,SALAK_2025_2026,E540-30101-D245401,2025,campaign_code_lookup,high
0c95f373177f4d9b,SLK 2025,SALAK_2025_2026,E540-30101-D245401,2025,campaign_code_lookup,high
bbeaae4f0def3b56,SLK 2025,SALAK_2025_2026,E540-30101-D245401,2025,campaign_code_lookup,high
ce6a937cf36289c9,SLK 2025,SALAK_2025_2026,E540-30101-D245401,2025,campaign_code_lookup,high
5e4b98a09e509ecb,SLK 2025,SALAK_2025_2026,E540-30101-D245401,2025,campaign_code_lookup,high
c1e8193e42168326,SLK 2025,SALAK_2025_2026,E540-30101-D245401,2025,campaign_code_lookup,high
2016e482ae4a55e4,SLK 2025,SALAK_2025_2026,E540-30101-D245401,2025,campaign_code_lookup,high
656c8d5d69cda367,SLK 2025,SALAK_2025_2026,E540-30101-D245401,2025,campaign_code_lookup,high
8d97dee2857ab443,SLK 2025,SALAK_2025_2026,E540-30101-D245401,2025,campaign_code_lookup,high
5fa0939e033a9550,SLK 2025,SALAK_2025_2026,E540-30101-D245401,2025,campaign_code_lookup,high
08e5b2eb8926cb09,SLK 2025,SALAK_2025_2026,E540-30101-D245401,2025,campaign_code_lookup,high
75cc2103dc1b63bc,SLK 2025,SALAK_2025_2026,E540-30101-D245401,2025,campaign_code_lookup,high
e5877336a66e24cb,SLK 2025,SALAK_2025_2026,E540-30101-D245401,2025,campaign_code_lookup,high
b42bfc272d4296ae,SLK 2025,SALAK_2025_2026,E540-30101-D245401,2025,campaign_code_lookup,high
466ae469e46e17f7,SLK 2025,SALAK_2025_2026,E540-30101-D245401,2025,campaign_code_lookup,high
1e2ef85ab0e104c4,SLK 2025,SALAK_2025_2026,E540-30101-D245401,2025,campaign_code_lookup,high
7e4327de8a4a560d,SLK 2025,SALAK_2025_2026,E540-30101-D245401,2025,campaign_code_lookup,high
412dc4f348101b94,SLK 2025,SALAK_2025_2026,E540-30101-D245401,2025,campaign_code_lookup,high
7837e868c7f9b4ab,SLK 2025,SALAK_2025_2026,E540-30101-D245401,2025,campaign_code_lookup,high
c53f78b765a39974,SLK 2025,SALAK_2025_2026,E540-30101-D245401,2025,campaign_code_lookup,high
3fc9775a9ed2ddfa,SLK 2025,SALAK_2025_2026,E540-30101-D245401,2025,campaign_code_lookup,high
b49f6f29e0231ff5,SLK 2025,SALAK_2025_2026,E540-30101-D245401,2025,campaign_code_lookup,high
bfae14ab3ba1cf22,SLK 2025,SALAK_2025_2026,E540-30101-D245401,2025,campaign_code_lookup,high
0c1dd06109407ef6,SLK 2025,SALAK_2025_2026,E540-30101-D245401,2025,campaign_code_lookup,high
fd9a37253be9e046,SLK 2025,SALAK_2025_2026,E540-30101-D245401,2025,campaign_code_lookup,high
a8dd1b91d30d045f,SLK 2025,SALAK_2025_2026,E540-30101-D245401,2025,campaign_code_lookup,high
9654f2346dab0053,SLK 2025,SALAK_2025_2026,E540-30101-D245401,2025,campaign_code_lookup,high
38b2d0826ebee10c,SLK 2025,SALAK_2025_2026,E540-30101-D245401,2025,campaign_code_lookup,high
2088c70abbdc452a,SLK 2025,SALAK_2025_2026,E540-30101-D245401,2025,campaign_code_lookup,high
558984c7368e4666,SLK 2025,SALAK_2025_2026,E540-30101-D245401,2025,campaign_code_lookup,high
591c3a7ae7fea8d2,SLK 2025,SALAK_2025_2026,E540-30101-D245401,2025,campaign_code_lookup,high
0f249a900031ce32,SLK 2025,SALAK_2025_2026,E540-30101-D245401,2025,campaign_code_lookup,high
7720dc9ad158b80b,SLK 2025,SALAK_2025_2026,E540-30101-D245401,2025,campaign_code_lookup,high
b4c5808002b441cf,SLK 2025,SALAK_2025_2026,E540-30101-D245401,2025,campaign_code_lookup,high
635a3f4a8ab936cd,SLK 2025,SALAK_2025_2026,E540-30101-D245401,2025,campaign_code_lookup,high
c1218ac17da3865f,SLK 2025,SALAK_2025_2026,E540-30101-D245401,2025,campaign_code_lookup,high
2413c4db41fd2c08,SLK 2025,SALAK_2025_2026,E540-30101-D245401,2025,campaign_code_lookup,high
f3d5d92f89df761c,SLK 2025,SALAK_2025_2026,E540-30101-D245401,2025,campaign_code_lookup,high
856cb615989e753d,SLK 2025,SALAK_2025_2026,E540-30101-D245401,2025,campaign_code_lookup,high
3ecc5262bc1216ba,SLK 2025,SALAK_2025_2026,E540-30101-D245401,2025,campaign_code_lookup,high
aac0dc92f5430fe2,SLK 2025,SALAK_2025_2026,E540-30101-D245401,2025,campaign_code_lookup,high
085096f82d9f4e5d,SLK 2025,SALAK_2025_2026,E540-30101-D245401,2025,campaign_code_lookup,high
6fde651ff54d979a,SLK 2025,SALAK_2025_2026,E540-30101-D245401,2025,campaign_code_lookup,high
0f7ed14c0f0f7f9a,SLK 2025,SALAK_2025_2026,E540-30101-D245401,2025,campaign_code_lookup,high
3a083731e690e277,SLK 2025,SALAK_2025_2026,E540-30101-D245401,2025,campaign_code_lookup,high
c0d8a7849053efa3,SLK 2025,SALAK_2025_2026,E540-30101-D245401,2025,campaign_code_lookup,high
b1f8819035860f16,SLK 2025,SALAK_2025_2026,E540-30101-D245401,2025,campaign_code_lookup,high
eff36191063895cd,SLK 2025,SALAK_2025_2026,E540-30101-D245401,2025,campaign_code_lookup,high
a6204db5d87fcf96,SLK 2025,SALAK_2025_2026,E540-30101-D245401,2025,campaign_code_lookup,high
528500468e6909ae,SLK 2025,SALAK_2025_2026,E540-30101-D245401,2025,campaign_code_lookup,high
8c89f4a8912fb7da,SLK 2025,SALAK_2025_2026,E540-30101-D245401,2025,campaign_code_lookup,high
6dc1495a9b56e4d1,SLK 2025,SALAK_2025_2026,E540-30101-D245401,2025,campaign_code_lookup,high
e13b50ee56cc0e7f,SLK 2025,SALAK_2025_2026,E540-30101-D245401,2025,campaign_code_lookup,high
679e1e4e19a3bbbc,SLK 2025,SALAK_2025_2026,E540-30101-D245401,2025,campaign_code_lookup,high
6dba271142714e68,SLK 2025,SALAK_2025_2026,E540-30101-D245401,2025,campaign_code_lookup,high
e5b705a25cf22309,SLK 2025,SALAK_2025_2026,E540-30101-D245401,2025,campaign_code_lookup,high
7b14478b25dcf498,SLK 2025,SALAK_2025_2026,E540-30101-D245401,2025,campaign_code_lookup,high
b8d02c476ae52924,SLK 2025,SALAK_2025_2026,E540-30101-D245401,2025,campaign_code_lookup,high
b882ad03dab2e38c,SLK 2025,SALAK_2025_2026,E540-30101-D245401,2025,campaign_code_lookup,high
ed9721a5279df341,SLK 2025,SALAK_2025_2026,E540-30101-D245401,2025,campaign_code_lookup,high
07e49d52be777e13,SLK 2025,SALAK_2025_2026,E540-30101-D245401,2025,campaign_code_lookup,high
9818eb24ec25dd0b,SLK 2025,SALAK_2025_2026,E540-30101-D245401,2025,campaign_code_lookup,high
7c12cebde085c5e3,SLK 2025,SALAK_2025_2026,E540-30101-D245401,2025,campaign_code_lookup,high
9cc572ac65d96570,SLK 2025,SALAK_2025_2026,E540-30101-D245401,2025,campaign_code_lookup,high
3450ec378535c146,SLK 2025,SALAK_2025_2026,E540-30101-D245401,2025,campaign_code_lookup,high
f481ce3139fd07e4,SLK 2025,SALAK_2025_2026,E540-30101-D245401,2025,campaign_code_lookup,high
63650d1a743a2486,SLK 2025,SALAK_2025_2026,E540-30101-D245401,2025,campaign_code_lookup,high
62bb577cf7444da3,SLK 2025,SALAK_2025_2026,E540-30101-D245401,2025,campaign_code_lookup,high
6c28dff699b0f165,SLK 2025,SALAK_2025_2026,E540-30101-D245401,2025,campaign_code_lookup,high
e2d008e967c2c7b5,SLK 2025,SALAK_2025_2026,E540-30101-D245401,2025,campaign_code_lookup,high
38c91d14f957db76,SLK 2025,SALAK_2025_2026,E540-30101-D245401,2025,campaign_code_lookup,high
9c0a594d14512e6d,SLK 2025,SALAK_2025_2026,E540-30101-D245401,2025,campaign_code_lookup,high
1bddab6d940898cf,SLK 2025,SALAK_2025_2026,E540-30101-D245401,2025,campaign_code_lookup,high
b969ece1f3186d3d,SLK 2025,SALAK_2025_2026,E540-30101-D245401,2025,campaign_code_lookup,high
de4eee0f4917ee85,SLK 2025,SALAK_2025_2026,E540-30101-D245401,2025,campaign_code_lookup,high
c86b2254b22192df,SLK 2025,SALAK_2025_2026,E540-30101-D245401,2025,campaign_code_lookup,high
f3a9ef45c0471e40,SLK 2025,SALAK_2025_2026,E540-30101-D245401,2025,campaign_code_lookup,high
8e33b7c35901cbb7,SLK 2025,SALAK_2025_2026,E540-30101-D245401,2025,campaign_code_lookup,high
c3bb5fd3b58a14eb,SLK 2025,SALAK_2025_2026,E540-30101-D245401,2025,campaign_code_lookup,high
fdec5631a1254cab,SLK 2025,SALAK_2025_2026,E540-30101-D245401,2025,campaign_code_lookup,high
bac2a43a9dcabc7e,SLK 2025,SALAK_2025_2026,E540-30101-D245401,2025,campaign_code_lookup,high
d6b1e61ffec33019,SLK 2025,SALAK_2025_2026,E540-30101-D245401,2025,campaign_code_lookup,high
20b9a66f0240b42d,SLK 2025,SALAK_2025_2026,E540-30101-D245401,2025,campaign_code_lookup,high
6a7477df590d5a64,SLK 2025,SALAK_2025_2026,E540-30101-D245401,2025,campaign_code_lookup,high
9c09865644f2c167,SLK 2025,SALAK_2025_2026,E540-30101-D245401,2025,campaign_code_lookup,high
9a773022f9d375f4,SLK 2025,SALAK_2025_2026,E540-30101-D245401,2025,campaign_code_lookup,high
69c2c0a9442ad842,SLK 2025,SALAK_2025_2026,E540-30101-D245401,2025,campaign_code_lookup,high
52cad447112d351d,SLK 2025,SALAK_2025_2026,E540-30101-D245401,2025,campaign_code_lookup,high
607671defa0abdd3,SLK 2025,SALAK_2025_2026,E540-30101-D245401,2025,campaign_code_lookup,high
8df9fe2ec7e594ed,SLK 2025,SALAK_2025_2026,E540-30101-D245401,2025,campaign_code_lookup,high
ff60ce2c19671580,SLK 2025,SALAK_2025_2026,E540-30101-D245401,2025,campaign_code_lookup,high
78e12a95ada0116c,SLK 2025,SALAK_2025_2026,E540-30101-D245401,2025,campaign_code_lookup,high
6d382efca8f4fb02,SLK 2025,SALAK_2025_2026,E540-30101-D245401,2025,campaign_code_lookup,high
7eaf88328c1017d9,SLK 2025,SALAK_2025_2026,E540-30101-D245401,2025,campaign_code_lookup,high
8984b8c07e63e975,SLK 2025,SALAK_2025_2026,E540-30101-D245401,2025,campaign_code_lookup,high
dd9dde83d191cfa6,SLK 2025,SALAK_2025_2026,E540-30101-D245401,2025,campaign_code_lookup,high
143bffb9e56c7e23,SLK 2025,SALAK_2025_2026,E540-30101-D245401,2025,campaign_code_lookup,high
de0d3436ec2c2f6d,SLK 2025,SALAK_2025_2026,E540-30101-D245401,2025,campaign_code_lookup,high
d12d1e1a9602922d,SLK 2025,SALAK_2025_2026,E540-30101-D245401,2025,campaign_code_lookup,high
9636920deaa459ac,SLK 2025,SALAK_2025_2026,E540-30101-D245401,2025,campaign_code_lookup,high
ecfd63746bea4ae7,SLK 2025,SALAK_2025_2026,E540-30101-D245401,2025,campaign_code_lookup,high
97eca59a8a7e1bf8,SLK 2025,SALAK_2025_2026,E540-30101-D245401,2025,campaign_code_lookup,high
31605ef6071412ff,SLK 2025,SALAK_2025_2026,E540-30101-D245401,2025,campaign_code_lookup,high
84ae705942ff9db7,SLK 2025,SALAK_2025_2026,E540-30101-D245401,2025,campaign_code_lookup,high
4bee8431beb2c37d,SLK 2025,SALAK_2025_2026,E540-30101-D245401,2025,campaign_code_lookup,high
ed5d1084b3561c27,SLK 2025,SALAK_2025_2026,E540-30101-D245401,2025,campaign_code_lookup,high
72268d2ebb4826b4,SLK 2025,SALAK_2025_2026,E540-30101-D245401,2025,campaign_code_lookup,high
096b784a7b3a7b5f,SLK 2025,SALAK_2025_2026,E540-30101-D245401,2025,campaign_code_lookup,high
94b882e6abcf79f6,SLK 2025,SALAK_2025_2026,E540-30101-D245401,2025,campaign_code_lookup,high
19ece6a9cf06f5e7,SLK 2025,SALAK_2025_2026,E540-30101-D245401,2025,campaign_code_lookup,high
9e7cf4221f07e284,SLK 2025,SALAK_2025_2026,E540-30101-D245401,2025,campaign_code_lookup,high
33ceca576e3a6b5a,SLK 2025,SALAK_2025_2026,E540-30101-D245401,2025,campaign_code_lookup,high
58d6cfcc9ed8743c,SLK 2025,SALAK_2025_2026,E540-30101-D245401,2025,campaign_code_lookup,high
0949eb3ada27a8a6,SLK 2025,SALAK_2025_2026,E540-30101-D245401,2025,campaign_code_lookup,high
6e4bade546bc2d08,SLK 2025,SALAK_2025_2026,E540-30101-D245401,2025,campaign_code_lookup,high
e13f4b995dc1303e,SLK 2025,SALAK_2025_2026,E540-30101-D245401,2025,campaign_code_lookup,high
22087e67fed9b95c,SLK 2025,SALAK_2025_2026,E540-30101-D245401,2025,campaign_code_lookup,high
42b8c32fff0409f6,SLK 2025,SALAK_2025_2026,E540-30101-D245401,2025,campaign_code_lookup,high
e93a8705b2f656ff,SLK 2025,SALAK_2025_2026,E540-30101-D245401,2025,campaign_code_lookup,high
d4f67b8fb67d770c,SLK 2025,SALAK_2025_2026,E540-30101-D245401,2025,campaign_code_lookup,high
fa615f99790b7f9a,SLK 2025,SALAK_2025_2026,E540-30101-D245401,2025,campaign_code_lookup,high
9dc3be5f05413b77,SLK 2025,SALAK_2025_2026,E540-30101-D245401,2025,campaign_code_lookup,high
0234b0c7e4dd58ad,SLK 2025,SALAK_2025_2026,E540-30101-D245401,2025,campaign_code_lookup,high
0bbfe6c8616983b0,SLK 2025,SALAK_2025_2026,E540-30101-D245401,2025,campaign_code_lookup,high
255ccf9918ea5a85,SLK 2025,SALAK_2025_2026,E540-30101-D245401,2025,campaign_code_lookup,high
50052a07cf5638f8,SLK 2025,SALAK_2025_2026,E540-30101-D245401,2025,campaign_code_lookup,high
76fab8cb78cc04a0,SLK 2025,SALAK_2025_2026,E540-30101-D245401,2025,campaign_code_lookup,high
4bcf0d3a2c6d0224,SLK 2025,SALAK_2025_2026,E540-30101-D245401,2025,campaign_code_lookup,high
94ab570e77c636e6,SLK 2025,SALAK_2025_2026,E540-30101-D245401,2025,campaign_code_lookup,high
b4133e3d49a05475,SLK 2025,SALAK_2025_2026,E540-30101-D245401,2025,campaign_code_lookup,high
4731b053573b8a0a,SLK 2025,SALAK_2025_2026,E540-30101-D245401,2025,campaign_code_lookup,high
2d8cda8d237deb8a,SLK 2025,SALAK_2025_2026,E540-30101-D245401,2025,campaign_code_lookup,high
a0e699a29de6ba34,SLK 2025,SALAK_2025_2026,E540-30101-D245401,2025,campaign_code_lookup,high
74d3297134cf1aec,SLK 2025,SALAK_2025_2026,E540-30101-D245401,2025,campaign_code_lookup,high
46371bf13ce01224,SLK 2025,SALAK_2025_2026,E540-30101-D245401,2025,campaign_code_lookup,high
b9f215ea2eb2c466,SLK 2025,SALAK_2025_2026,E540-30101-D245401,2025,campaign_code_lookup,high
e646771241187d12,SLK 2025,SALAK_2025_2026,E540-30101-D245401,2025,campaign_code_lookup,high
131339e010aeea7e,SLK 2025,SALAK_2025_2026,E540-30101-D245401,2025,campaign_code_lookup,high
eab0a1ad1c329201,SLK 2025,SALAK_2025_2026,E540-30101-D245401,2025,campaign_code_lookup,high
bc161a6f6d84cab1,SLK 2025,SALAK_2025_2026,E540-30101-D245401,2025,campaign_code_lookup,high
e9ca88f9a17a5b02,DRJ 2022,DARAJAT_2022,E530-30101-D225301,2022,campaign_code_lookup,high
47358f4f07a0a40b,DRJ 2022,DARAJAT_2022,E530-30101-D225301,2022,campaign_code_lookup,high
7968890c415a94e0,DRJ 2022,DARAJAT_2022,E530-30101-D225301,2022,campaign_code_lookup,high
9a33b42e2378a2eb,DRJ 2022,DARAJAT_2022,E530-30101-D225301,2022,campaign_code_lookup,high
6cc4143d88aa8573,DRJ 2022,DARAJAT_2022,E530-30101-D225301,2022,campaign_code_lookup,high
83a79ed1ee8a7249,DRJ 2022,DARAJAT_2022,E530-30101-D225301,2022,campaign_code_lookup,high
7eabd78eafb11817,DRJ 2022,DARAJAT_2022,E530-30101-D225301,2022,campaign_code_lookup,high
cd69bc35e4e73830,DRJ 2022,DARAJAT_2022,E530-30101-D225301,2022,campaign_code_lookup,high
1d5888010c1810c7,DRJ 2022,DARAJAT_2022,E530-30101-D225301,2022,campaign_code_lookup,high
af52669206f42463,DRJ 2022,DARAJAT_2022,E530-30101-D225301,2022,campaign_code_lookup,high
4b2e1487f67320f6,DRJ 2022,DARAJAT_2022,E530-30101-D225301,2022,campaign_code_lookup,high
eaf71af92f2f8cdb,DRJ 2022,DARAJAT_2022,E530-30101-D225301,2022,campaign_code_lookup,high
f3a37b985a815b3e,DRJ 2022,DARAJAT_2022,E530-30101-D225301,2022,campaign_code_lookup,high
0edf710ce60ff01c,DRJ 2022,DARAJAT_2022,E530-30101-D225301,2022,campaign_code_lookup,high
c518ffa211219d1b,DRJ 2022,DARAJAT_2022,E530-30101-D225301,2022,campaign_code_lookup,high
62dfced3de7ea9c8,DRJ 2022,DARAJAT_2022,E530-30101-D225301,2022,campaign_code_lookup,high
955dc045ba712e6e,DRJ 2022,DARAJAT_2022,E530-30101-D225301,2022,campaign_code_lookup,high
545ff9cdf0b7edd5,DRJ 2022,DARAJAT_2022,E530-30101-D225301,2022,campaign_code_lookup,high
e08f639f924a5094,DRJ 2022,DARAJAT_2022,E530-30101-D225301,2022,campaign_code_lookup,high
397f230697a94179,DRJ 2022,DARAJAT_2022,E530-30101-D225301,2022,campaign_code_lookup,high
d121cc017e051077,DRJ 2022,DARAJAT_2022,E530-30101-D225301,2022,campaign_code_lookup,high
a9d6f1320c80f8dc,DRJ 2022,DARAJAT_2022,E530-30101-D225301,2022,campaign_code_lookup,high
08024626fd10dcac,DRJ 2022,DARAJAT_2022,E530-30101-D225301,2022,campaign_code_lookup,high
b464aeb76ac778d2,DRJ 2022,DARAJAT_2022,E530-30101-D225301,2022,campaign_code_lookup,high
63bc6f80ba21b8ae,DRJ 2022,DARAJAT_2022,E530-30101-D225301,2022,campaign_code_lookup,high
2f4ac888a899f84a,DRJ 2022,DARAJAT_2022,E530-30101-D225301,2022,campaign_code_lookup,high
2188ff411aacaa2d,DRJ 2022,DARAJAT_2022,E530-30101-D225301,2022,campaign_code_lookup,high
0c5ab36057f7c148,DRJ 2022,DARAJAT_2022,E530-30101-D225301,2022,campaign_code_lookup,high
5c95b74944757725,DRJ 2022,DARAJAT_2022,E530-30101-D225301,2022,campaign_code_lookup,high
5666feec283f20b3,DRJ 2022,DARAJAT_2022,E530-30101-D225301,2022,campaign_code_lookup,high
b6a2fede956e5259,DRJ 2022,DARAJAT_2022,E530-30101-D225301,2022,campaign_code_lookup,high
bc951499d74e8687,DRJ 2022,DARAJAT_2022,E530-30101-D225301,2022,campaign_code_lookup,high
561f55f618e1e9c8,DRJ 2022,DARAJAT_2022,E530-30101-D225301,2022,campaign_code_lookup,high
a84b7042a55db519,DRJ 2022,DARAJAT_2022,E530-30101-D225301,2022,campaign_code_lookup,high
5db7de959c46aa55,DRJ 2022,DARAJAT_2022,E530-30101-D225301,2022,campaign_code_lookup,high
5a1866cfdaaf00dd,DRJ 2022,DARAJAT_2022,E530-30101-D225301,2022,campaign_code_lookup,high
947d95cab25a6b09,DRJ 2022,DARAJAT_2022,E530-30101-D225301,2022,campaign_code_lookup,high
692ab7562b6a6f07,DRJ 2022,DARAJAT_2022,E530-30101-D225301,2022,campaign_code_lookup,high
8f3e5f8020066aa4,DRJ 2022,DARAJAT_2022,E530-30101-D225301,2022,campaign_code_lookup,high
c0c3eb3601c944ff,DRJ 2022,DARAJAT_2022,E530-30101-D225301,2022,campaign_code_lookup,high
5d2c8cc15fbbbd81,DRJ 2022,DARAJAT_2022,E530-30101-D225301,2022,campaign_code_lookup,high
d6c3ca18226c68f9,DRJ 2022,DARAJAT_2022,E530-30101-D225301,2022,campaign_code_lookup,high
de6682f2a406a102,DRJ 2022,DARAJAT_2022,E530-30101-D225301,2022,campaign_code_lookup,high
ccaab2497ae585e8,DRJ 2022,DARAJAT_2022,E530-30101-D225301,2022,campaign_code_lookup,high
b241a9b9c5bf4802,DRJ 2022,DARAJAT_2022,E530-30101-D225301,2022,campaign_code_lookup,high
860ad915e5d50d59,DRJ 2022,DARAJAT_2022,E530-30101-D225301,2022,campaign_code_lookup,high
2c8abfd6992dbc92,DRJ 2022,DARAJAT_2022,E530-30101-D225301,2022,campaign_code_lookup,high
420a052bfbe67d29,DRJ 2022,DARAJAT_2022,E530-30101-D225301,2022,campaign_code_lookup,high
428df549ba4edd2b,DRJ 2022,DARAJAT_2022,E530-30101-D225301,2022,campaign_code_lookup,high
f264010d7d9897eb,DRJ 2022,DARAJAT_2022,E530-30101-D225301,2022,campaign_code_lookup,high
10cc5565b19314e2,DRJ 2022,DARAJAT_2022,E530-30101-D225301,2022,campaign_code_lookup,high
51356a5984488d8e,DRJ 2022,DARAJAT_2022,E530-30101-D225301,2022,campaign_code_lookup,high
346873e741919d9a,DRJ 2022,DARAJAT_2022,E530-30101-D225301,2022,campaign_code_lookup,high
7db4e6ad4c589752,DRJ 2022,DARAJAT_2022,E530-30101-D225301,2022,campaign_code_lookup,high
44084c6fe421fda5,DRJ 2022,DARAJAT_2022,E530-30101-D225301,2022,campaign_code_lookup,high
399f5a2020ab5e05,DRJ 2022,DARAJAT_2022,E530-30101-D225301,2022,campaign_code_lookup,high
f822d23a8434f7cf,DRJ 2022,DARAJAT_2022,E530-30101-D225301,2022,campaign_code_lookup,high
0a1db56484a57ad0,DRJ 2022,DARAJAT_2022,E530-30101-D225301,2022,campaign_code_lookup,high
d635fcf303c0130b,DRJ 2022,DARAJAT_2022,E530-30101-D225301,2022,campaign_code_lookup,high
4cef057f7477e39d,DRJ 2022,DARAJAT_2022,E530-30101-D225301,2022,campaign_code_lookup,high
3c88b85be168f842,DRJ 2022,DARAJAT_2022,E530-30101-D225301,2022,campaign_code_lookup,high
1cb00e1e03dc45d9,DRJ 2022,DARAJAT_2022,E530-30101-D225301,2022,campaign_code_lookup,high
9207e412906a7216,DRJ 2022,DARAJAT_2022,E530-30101-D225301,2022,campaign_code_lookup,high
13207560c150b57e,DRJ 2022,DARAJAT_2022,E530-30101-D225301,2022,campaign_code_lookup,high
e23faca012e45b66,DRJ 2022,DARAJAT_2022,E530-30101-D225301,2022,campaign_code_lookup,high
79da9137009c8c62,DRJ 2022,DARAJAT_2022,E530-30101-D225301,2022,campaign_code_lookup,high
a08f6f4cfa9cbaa2,DRJ 2022,DARAJAT_2022,E530-30101-D225301,2022,campaign_code_lookup,high
b2b4e3bc7bcefedc,DRJ 2022,DARAJAT_2022,E530-30101-D225301,2022,campaign_code_lookup,high
11d146b2ea737f90,DRJ 2022,DARAJAT_2022,E530-30101-D225301,2022,campaign_code_lookup,high
e0ad293810d11b81,DRJ 2022,DARAJAT_2022,E530-30101-D225301,2022,campaign_code_lookup,high
c763e388a26f3f6f,DRJ 2022,DARAJAT_2022,E530-30101-D225301,2022,campaign_code_lookup,high
b86a914bf59a41c2,DRJ 2022,DARAJAT_2022,E530-30101-D225301,2022,campaign_code_lookup,high
fc9e73829c884931,DRJ 2022,DARAJAT_2022,E530-30101-D225301,2022,campaign_code_lookup,high
236331070ada2770,DRJ 2022,DARAJAT_2022,E530-30101-D225301,2022,campaign_code_lookup,high
f806c959f4771b4c,DRJ 2022,DARAJAT_2022,E530-30101-D225301,2022,campaign_code_lookup,high
b874dc9244f7bcbb,DRJ 2022,DARAJAT_2022,E530-30101-D225301,2022,campaign_code_lookup,high
dc7cdf16ae3f55f5,DRJ 2022,DARAJAT_2022,E530-30101-D225301,2022,campaign_code_lookup,high
b445f08d366661e2,DRJ 2022,DARAJAT_2022,E530-30101-D225301,2022,campaign_code_lookup,high
be22ad657e278f34,DRJ 2022,DARAJAT_2022,E530-30101-D225301,2022,campaign_code_lookup,high
ca516b1f9025be34,DRJ 2022,DARAJAT_2022,E530-30101-D225301,2022,campaign_code_lookup,high
f57894322d51d420,DRJ 2022,DARAJAT_2022,E530-30101-D225301,2022,campaign_code_lookup,high
00d471ab530afdc9,DRJ 2022,DARAJAT_2022,E530-30101-D225301,2022,campaign_code_lookup,high
ca9616fad923f19b,DRJ 2022,DARAJAT_2022,E530-30101-D225301,2022,campaign_code_lookup,high
44fac203aaa1d5d2,DRJ 2022,DARAJAT_2022,E530-30101-D225301,2022,campaign_code_lookup,high
32dc043ee5af25e8,DRJ 2022,DARAJAT_2022,E530-30101-D225301,2022,campaign_code_lookup,high
d212584a5df1638d,DRJ 2022,DARAJAT_2022,E530-30101-D225301,2022,campaign_code_lookup,high
8bb2af9740199ced,DRJ 2022,DARAJAT_2022,E530-30101-D225301,2022,campaign_code_lookup,high
5c17ef9223e905e7,DRJ 2022,DARAJAT_2022,E530-30101-D225301,2022,campaign_code_lookup,high
877f429b8728d607,DRJ 2022,DARAJAT_2022,E530-30101-D225301,2022,campaign_code_lookup,high
1e3a4ce32a1b2d17,DRJ 2022,DARAJAT_2022,E530-30101-D225301,2022,campaign_code_lookup,high
d70188a5a5b74f13,DRJ 2022,DARAJAT_2022,E530-30101-D225301,2022,campaign_code_lookup,high
3b69548fab03ea95,DRJ 2022,DARAJAT_2022,E530-30101-D225301,2022,campaign_code_lookup,high
72ecfc4aea323ff7,DRJ 2022,DARAJAT_2022,E530-30101-D225301,2022,campaign_code_lookup,high
7c3cbdc91aeb51ce,DRJ 2022,DARAJAT_2022,E530-30101-D225301,2022,campaign_code_lookup,high
cf18e34dae182c64,DRJ 2022,DARAJAT_2022,E530-30101-D225301,2022,campaign_code_lookup,high
841e1be443adb2fd,DRJ 2022,DARAJAT_2022,E530-30101-D225301,2022,campaign_code_lookup,high
5c05d29a3147978c,DRJ 2022,DARAJAT_2022,E530-30101-D225301,2022,campaign_code_lookup,high
c451279833c4f36f,DRJ 2022,DARAJAT_2022,E530-30101-D225301,2022,campaign_code_lookup,high
665681ff009fe937,DRJ 2022,DARAJAT_2022,E530-30101-D225301,2022,campaign_code_lookup,high
db25f59875fa3ab7,DRJ 2022,DARAJAT_2022,E530-30101-D225301,2022,campaign_code_lookup,high
6944e1b43207f716,DRJ 2022,DARAJAT_2022,E530-30101-D225301,2022,campaign_code_lookup,high
c617a3847b42daf5,DRJ 2022,DARAJAT_2022,E530-30101-D225301,2022,campaign_code_lookup,high
d76d7106b736d2ab,DRJ 2022,DARAJAT_2022,E530-30101-D225301,2022,campaign_code_lookup,high
397087b297af4405,DRJ 2022,DARAJAT_2022,E530-30101-D225301,2022,campaign_code_lookup,high
e08239c5b80e8ee4,DRJ 2022,DARAJAT_2022,E530-30101-D225301,2022,campaign_code_lookup,high
06f94392ac9fc6ae,DRJ 2022,DARAJAT_2022,E530-30101-D225301,2022,campaign_code_lookup,high
147189bb0d8f8f22,DRJ 2022,DARAJAT_2022,E530-30101-D225301,2022,campaign_code_lookup,high
268b2d1f4abeff1e,DRJ 2022,DARAJAT_2022,E530-30101-D225301,2022,campaign_code_lookup,high
26f1b49ecd39ab61,DRJ 2022,DARAJAT_2022,E530-30101-D225301,2022,campaign_code_lookup,high
cc9b843dc3d50633,DRJ 2022,DARAJAT_2022,E530-30101-D225301,2022,campaign_code_lookup,high
b6ae39f95d3ad3aa,DRJ 2022,DARAJAT_2022,E530-30101-D225301,2022,campaign_code_lookup,high
31c85e9f780da709,DRJ 2022,DARAJAT_2022,E530-30101-D225301,2022,campaign_code_lookup,high
91ef87dee1c8db75,DRJ 2022,DARAJAT_2022,E530-30101-D225301,2022,campaign_code_lookup,high
ee04a288fb3f7ec0,DRJ 2022,DARAJAT_2022,E530-30101-D225301,2022,campaign_code_lookup,high
1c2c19572cbc3488,DRJ 2022,DARAJAT_2022,E530-30101-D225301,2022,campaign_code_lookup,high
b8a2c62d4fa8298b,DRJ 2022,DARAJAT_2022,E530-30101-D225301,2022,campaign_code_lookup,high
41abbe7d20db9f12,DRJ 2022,DARAJAT_2022,E530-30101-D225301,2022,campaign_code_lookup,high
d9b4d23ede71e723,DRJ 2022,DARAJAT_2022,E530-30101-D225301,2022,campaign_code_lookup,high
8803fcc9a1c20a4e,DRJ 2022,DARAJAT_2022,E530-30101-D225301,2022,campaign_code_lookup,high
0cda524fadc8dbcc,DRJ 2022,DARAJAT_2022,E530-30101-D225301,2022,campaign_code_lookup,high
9159b455f0e8f439,DRJ 2022,DARAJAT_2022,E530-30101-D225301,2022,campaign_code_lookup,high
a968faae2363d19d,DRJ 2022,DARAJAT_2022,E530-30101-D225301,2022,campaign_code_lookup,high
19b10d6d4162a591,DRJ 2022,DARAJAT_2022,E530-30101-D225301,2022,campaign_code_lookup,high
b07caed7ab452d5b,DRJ 2022,DARAJAT_2022,E530-30101-D225301,2022,campaign_code_lookup,high
3b038d480b5e4eb5,DRJ 2022,DARAJAT_2022,E530-30101-D225301,2022,campaign_code_lookup,high
96b12b5bde63e40c,DRJ 2022,DARAJAT_2022,E530-30101-D225301,2022,campaign_code_lookup,high
05b5c4b7bc8cb799,DRJ 2022,DARAJAT_2022,E530-30101-D225301,2022,campaign_code_lookup,high
cf189eab7754a2df,DRJ 2022,DARAJAT_2022,E530-30101-D225301,2022,campaign_code_lookup,high
596fa98253f51871,DRJ 2022,DARAJAT_2022,E530-30101-D225301,2022,campaign_code_lookup,high
2bd0cd2c753b7ec9,DRJ 2022,DARAJAT_2022,E530-30101-D225301,2022,campaign_code_lookup,high
edac1f65402e2805,DRJ 2022,DARAJAT_2022,E530-30101-D225301,2022,campaign_code_lookup,high
46f97ef6ef6ce903,DRJ 2022,DARAJAT_2022,E530-30101-D225301,2022,campaign_code_lookup,high
0803619e559aa70c,DRJ 2022,DARAJAT_2022,E530-30101-D225301,2022,campaign_code_lookup,high
58c61f5b8215188d,DRJ 2022,DARAJAT_2022,E530-30101-D225301,2022,campaign_code_lookup,high
4ece6132f5e2dd2f,DRJ 2022,DARAJAT_2022,E530-30101-D225301,2022,campaign_code_lookup,high
aee1a2534dbe998e,DRJ 2022,DARAJAT_2022,E530-30101-D225301,2022,campaign_code_lookup,high
89afabcd1785d286,DRJ 2022,DARAJAT_2022,E530-30101-D225301,2022,campaign_code_lookup,high
ce765db1d903ab04,DRJ 2022,DARAJAT_2022,E530-30101-D225301,2022,campaign_code_lookup,high
491368fa6ff60938,DRJ 2022,DARAJAT_2022,E530-30101-D225301,2022,campaign_code_lookup,high
691d2f84244d2ad6,DRJ 2022,DARAJAT_2022,E530-30101-D225301,2022,campaign_code_lookup,high
8428b3fdd67bfb37,DRJ 2022,DARAJAT_2022,E530-30101-D225301,2022,campaign_code_lookup,high
7a2899c4d61d134c,DRJ 2022,DARAJAT_2022,E530-30101-D225301,2022,campaign_code_lookup,high
87bd6db798ed45f6,DRJ 2022,DARAJAT_2022,E530-30101-D225301,2022,campaign_code_lookup,high
9ae08d9dc522f3dc,DRJ 2022,DARAJAT_2022,E530-30101-D225301,2022,campaign_code_lookup,high
c73c7a6e415cbb07,DRJ 2022,DARAJAT_2022,E530-30101-D225301,2022,campaign_code_lookup,high
fca5c59f6919f393,DRJ 2022,DARAJAT_2022,E530-30101-D225301,2022,campaign_code_lookup,high
80065f86c1265c99,DRJ 2022,DARAJAT_2022,E530-30101-D225301,2022,campaign_code_lookup,high
d9ba7e0feaeb4684,DRJ 2022,DARAJAT_2022,E530-30101-D225301,2022,campaign_code_lookup,high
f9f90b509c796d43,DRJ 2022,DARAJAT_2022,E530-30101-D225301,2022,campaign_code_lookup,high
ad6568ebaaebe32a,DRJ 2022,DARAJAT_2022,E530-30101-D225301,2022,campaign_code_lookup,high
994150dffc5c9b9c,DRJ 2022,DARAJAT_2022,E530-30101-D225301,2022,campaign_code_lookup,high
53bc7eaaa21148d5,DRJ 2022,DARAJAT_2022,E530-30101-D225301,2022,campaign_code_lookup,high
ac14974d257d84a6,DRJ 2022,DARAJAT_2022,E530-30101-D225301,2022,campaign_code_lookup,high
e78749524d7b8517,DRJ 2022,DARAJAT_2022,E530-30101-D225301,2022,campaign_code_lookup,high
e23ae2fde28ab918,DRJ 2022,DARAJAT_2022,E530-30101-D225301,2022,campaign_code_lookup,high
9dba519237859de0,DRJ 2022,DARAJAT_2022,E530-30101-D225301,2022,campaign_code_lookup,high
c19747a5a9ffa7c4,DRJ 2022,DARAJAT_2022,E530-30101-D225301,2022,campaign_code_lookup,high
489ddd5ed605c28f,DRJ 2022,DARAJAT_2022,E530-30101-D225301,2022,campaign_code_lookup,high
6ec984aad4e9d102,DRJ 2022,DARAJAT_2022,E530-30101-D225301,2022,campaign_code_lookup,high
cbcdfd212a8d3104,DRJ 2022,DARAJAT_2022,E530-30101-D225301,2022,campaign_code_lookup,high
db3ac73eb314ae71,DRJ 2022,DARAJAT_2022,E530-30101-D225301,2022,campaign_code_lookup,high
3483f6ec3c1006d0,DRJ 2022,DARAJAT_2022,E530-30101-D225301,2022,campaign_code_lookup,high
97c375ff4f2700e6,DRJ 2022,DARAJAT_2022,E530-30101-D225301,2022,campaign_code_lookup,high
79324d8e8004b0d4,DRJ 2022,DARAJAT_2022,E530-30101-D225301,2022,campaign_code_lookup,high
c56718e05ae24f4d,DRJ 2022,DARAJAT_2022,E530-30101-D225301,2022,campaign_code_lookup,high
67d704f7d7369ea2,DRJ 2022,DARAJAT_2022,E530-30101-D225301,2022,campaign_code_lookup,high
10a4a1b78eeb6dd7,DRJ 2022,DARAJAT_2022,E530-30101-D225301,2022,campaign_code_lookup,high
8f4bc5ecc177ef2b,DRJ 2022,DARAJAT_2022,E530-30101-D225301,2022,campaign_code_lookup,high
cd675e3cc6c02037,DRJ 2022,DARAJAT_2022,E530-30101-D225301,2022,campaign_code_lookup,high
2a749f7255c03bb8,DRJ 2022,DARAJAT_2022,E530-30101-D225301,2022,campaign_code_lookup,high
f97aea2391c66ed4,DRJ 2022,DARAJAT_2022,E530-30101-D225301,2022,campaign_code_lookup,high
d30d79eb0fadfc87,DRJ 2022,DARAJAT_2022,E530-30101-D225301,2022,campaign_code_lookup,high
b77a9070ed986c40,DRJ 2022,DARAJAT_2022,E530-30101-D225301,2022,campaign_code_lookup,high
6f691e1bd0f81928,DRJ 2022,DARAJAT_2022,E530-30101-D225301,2022,campaign_code_lookup,high
2e6fcbfd9e22f84c,DRJ 2022,DARAJAT_2022,E530-30101-D225301,2022,campaign_code_lookup,high
8d013430cf6edfa4,DRJ 2022,DARAJAT_2022,E530-30101-D225301,2022,campaign_code_lookup,high
2739368996fb75d0,DRJ 2022,DARAJAT_2022,E530-30101-D225301,2022,campaign_code_lookup,high
ddd3bab487df0a31,DRJ 2022,DARAJAT_2022,E530-30101-D225301,2022,campaign_code_lookup,high
2e477446225bb9cf,DRJ 2022,DARAJAT_2022,E530-30101-D225301,2022,campaign_code_lookup,high
be1523e1e57a1022,DRJ 2022,DARAJAT_2022,E530-30101-D225301,2022,campaign_code_lookup,high
86da8c006c28cc81,DRJ 2022,DARAJAT_2022,E530-30101-D225301,2022,campaign_code_lookup,high
c8b9d5d1643a1c3d,DRJ 2022,DARAJAT_2022,E530-30101-D225301,2022,campaign_code_lookup,high
4f00f907d5a29e5f,DRJ 2022,DARAJAT_2022,E530-30101-D225301,2022,campaign_code_lookup,high
d76f7cfa3a4f9d03,DRJ 2022,DARAJAT_2022,E530-30101-D225301,2022,campaign_code_lookup,high
5be2f4af5daff902,DRJ 2022,DARAJAT_2022,E530-30101-D225301,2022,campaign_code_lookup,high
f38d3e4ddf0e4fb8,DRJ 2022,DARAJAT_2022,E530-30101-D225301,2022,campaign_code_lookup,high
7f57edf927d19db0,DRJ 2022,DARAJAT_2022,E530-30101-D225301,2022,campaign_code_lookup,high
48b4f3d0f5c939cd,DRJ 2022,DARAJAT_2022,E530-30101-D225301,2022,campaign_code_lookup,high
814c1911f583e0a8,DRJ 2022,DARAJAT_2022,E530-30101-D225301,2022,campaign_code_lookup,high
49db40481c385d0e,DRJ 2022,DARAJAT_2022,E530-30101-D225301,2022,campaign_code_lookup,high
bd39be1d8a7a82b9,DRJ 2022,DARAJAT_2022,E530-30101-D225301,2022,campaign_code_lookup,high
7ee3dff6743140fe,DRJ 2022,DARAJAT_2022,E530-30101-D225301,2022,campaign_code_lookup,high
447e80d5e04e9372,DRJ 2022,DARAJAT_2022,E530-30101-D225301,2022,campaign_code_lookup,high
ec7b9c26a5b33efb,DRJ 2022,DARAJAT_2022,E530-30101-D225301,2022,campaign_code_lookup,high
56e06641422b1b11,DRJ 2022,DARAJAT_2022,E530-30101-D225301,2022,campaign_code_lookup,high
963216b7eeb46962,DRJ 2022,DARAJAT_2022,E530-30101-D225301,2022,campaign_code_lookup,high
1e1d99be6d0d1c02,DRJ 2022,DARAJAT_2022,E530-30101-D225301,2022,campaign_code_lookup,high
aeaefdc28cf5ccbf,DRJ 2022,DARAJAT_2022,E530-30101-D225301,2022,campaign_code_lookup,high
66368f0fcf05ec6d,DRJ 2022,DARAJAT_2022,E530-30101-D225301,2022,campaign_code_lookup,high
dcf4e6d8d69070ff,DRJ 2022,DARAJAT_2022,E530-30101-D225301,2022,campaign_code_lookup,high
cd6319872c4d76bf,DRJ 2022,DARAJAT_2022,E530-30101-D225301,2022,campaign_code_lookup,high
d95cdda1cb8217b7,DRJ 2022,DARAJAT_2022,E530-30101-D225301,2022,campaign_code_lookup,high
0150c85809ed3baf,DRJ 2022,DARAJAT_2022,E530-30101-D225301,2022,campaign_code_lookup,high
f92bd2858437b9ae,DRJ 2022,DARAJAT_2022,E530-30101-D225301,2022,campaign_code_lookup,high
2fa39f8d321ee8a5,DRJ 2022,DARAJAT_2022,E530-30101-D225301,2022,campaign_code_lookup,high
84236bceb42d2f9c,DRJ 2022,DARAJAT_2022,E530-30101-D225301,2022,campaign_code_lookup,high
1d2abcf253b1f13e,DRJ 2023,DARAJAT_2023_2024,E530-30101-D235301,2023,campaign_code_lookup,high
e08e6da7a142a419,DRJ 2023,DARAJAT_2023_2024,E530-30101-D235301,2023,campaign_code_lookup,high
7673510e41bc9773,DRJ 2023,DARAJAT_2023_2024,E530-30101-D235301,2023,campaign_code_lookup,high
a338bc248357db91,DRJ 2023,DARAJAT_2023_2024,E530-30101-D235301,2023,campaign_code_lookup,high
b1935ddd53a7d2f1,DRJ 2023,DARAJAT_2023_2024,E530-30101-D235301,2023,campaign_code_lookup,high
d1f1af5904e892a4,DRJ 2023,DARAJAT_2023_2024,E530-30101-D235301,2023,campaign_code_lookup,high
0eb691353e3e1988,DRJ 2023,DARAJAT_2023_2024,E530-30101-D235301,2023,campaign_code_lookup,high
307dba715fc2ac32,DRJ 2023,DARAJAT_2023_2024,E530-30101-D235301,2023,campaign_code_lookup,high
0891a6e7bb7058d6,DRJ 2023,DARAJAT_2023_2024,E530-30101-D235301,2023,campaign_code_lookup,high
8a4039e383e9632b,DRJ 2023,DARAJAT_2023_2024,E530-30101-D235301,2023,campaign_code_lookup,high
f7cd7925de79c4ed,DRJ 2023,DARAJAT_2023_2024,E530-30101-D235301,2023,campaign_code_lookup,high
d89b8b5327ccf1ca,DRJ 2023,DARAJAT_2023_2024,E530-30101-D235301,2023,campaign_code_lookup,high
541e2d6a0a380b87,DRJ 2023,DARAJAT_2023_2024,E530-30101-D235301,2023,campaign_code_lookup,high
db5e18181f1fcc53,DRJ 2023,DARAJAT_2023_2024,E530-30101-D235301,2023,campaign_code_lookup,high
71d6d63be9c86c76,DRJ 2023,DARAJAT_2023_2024,E530-30101-D235301,2023,campaign_code_lookup,high
e64644c8318a99f0,DRJ 2023,DARAJAT_2023_2024,E530-30101-D235301,2023,campaign_code_lookup,high
e85afa54583fec84,DRJ 2023,DARAJAT_2023_2024,E530-30101-D235301,2023,campaign_code_lookup,high
1c328a1a6b3c8f04,DRJ 2023,DARAJAT_2023_2024,E530-30101-D235301,2023,campaign_code_lookup,high
d6bd4a98d5dadf85,DRJ 2023,DARAJAT_2023_2024,E530-30101-D235301,2023,campaign_code_lookup,high
353400f1e60d0ff8,DRJ 2023,DARAJAT_2023_2024,E530-30101-D235301,2023,campaign_code_lookup,high
d1f1765e0d178625,DRJ 2023,DARAJAT_2023_2024,E530-30101-D235301,2023,campaign_code_lookup,high
8f7b42f59b254618,DRJ 2023,DARAJAT_2023_2024,E530-30101-D235301,2023,campaign_code_lookup,high
5677f81822d6462e,DRJ 2023,DARAJAT_2023_2024,E530-30101-D235301,2023,campaign_code_lookup,high
1cb17463cd584d19,DRJ 2023,DARAJAT_2023_2024,E530-30101-D235301,2023,campaign_code_lookup,high
7d7b3a2ef6e52959,DRJ 2023,DARAJAT_2023_2024,E530-30101-D235301,2023,campaign_code_lookup,high
5f80f01d2f521e21,DRJ 2023,DARAJAT_2023_2024,E530-30101-D235301,2023,campaign_code_lookup,high
36457b51414da5f2,DRJ 2023,DARAJAT_2023_2024,E530-30101-D235301,2023,campaign_code_lookup,high
a38efb2f95135552,DRJ 2023,DARAJAT_2023_2024,E530-30101-D235301,2023,campaign_code_lookup,high
952233873dfa48d7,DRJ 2023,DARAJAT_2023_2024,E530-30101-D235301,2023,campaign_code_lookup,high
64a357b60e6b8964,DRJ 2023,DARAJAT_2023_2024,E530-30101-D235301,2023,campaign_code_lookup,high
1151bd68f5928e87,DRJ 2023,DARAJAT_2023_2024,E530-30101-D235301,2023,campaign_code_lookup,high
ac248ddf160d2b21,DRJ 2023,DARAJAT_2023_2024,E530-30101-D235301,2023,campaign_code_lookup,high
48f5bfc628c4ed20,DRJ 2023,DARAJAT_2023_2024,E530-30101-D235301,2023,campaign_code_lookup,high
c83a9992a261549f,DRJ 2023,DARAJAT_2023_2024,E530-30101-D235301,2023,campaign_code_lookup,high
850f02d3af1ab4e3,DRJ 2023,DARAJAT_2023_2024,E530-30101-D235301,2023,campaign_code_lookup,high
a7d1d345f7747c2d,DRJ 2023,DARAJAT_2023_2024,E530-30101-D235301,2023,campaign_code_lookup,high
c1c4f13590274c15,DRJ 2023,DARAJAT_2023_2024,E530-30101-D235301,2023,campaign_code_lookup,high
3a3a2af3b20d7f2f,DRJ 2023,DARAJAT_2023_2024,E530-30101-D235301,2023,campaign_code_lookup,high
fbc7609a156f1d76,DRJ 2023,DARAJAT_2023_2024,E530-30101-D235301,2023,campaign_code_lookup,high
ea6996ffb4a55a31,DRJ 2023,DARAJAT_2023_2024,E530-30101-D235301,2023,campaign_code_lookup,high
ae062c67b8fabd96,DRJ 2023,DARAJAT_2023_2024,E530-30101-D235301,2023,campaign_code_lookup,high
1ed195b20b193595,DRJ 2023,DARAJAT_2023_2024,E530-30101-D235301,2023,campaign_code_lookup,high
627ea325c482f81f,DRJ 2023,DARAJAT_2023_2024,E530-30101-D235301,2023,campaign_code_lookup,high
dc971d2af26f527b,DRJ 2023,DARAJAT_2023_2024,E530-30101-D235301,2023,campaign_code_lookup,high
cf614435fb498b71,DRJ 2023,DARAJAT_2023_2024,E530-30101-D235301,2023,campaign_code_lookup,high
574f0dcdba92e9c9,DRJ 2023,DARAJAT_2023_2024,E530-30101-D235301,2023,campaign_code_lookup,high
86bb6332b8aff34f,DRJ 2023,DARAJAT_2023_2024,E530-30101-D235301,2023,campaign_code_lookup,high
388db746eb5879c7,DRJ 2023,DARAJAT_2023_2024,E530-30101-D235301,2023,campaign_code_lookup,high
42f3737064a712f7,DRJ 2023,DARAJAT_2023_2024,E530-30101-D235301,2023,campaign_code_lookup,high
0db64a3e1e18c92c,DRJ 2023,DARAJAT_2023_2024,E530-30101-D235301,2023,campaign_code_lookup,high
5422e3d12297d79a,DRJ 2023,DARAJAT_2023_2024,E530-30101-D235301,2023,campaign_code_lookup,high
3b76ffe208d9b0bb,DRJ 2023,DARAJAT_2023_2024,E530-30101-D235301,2023,campaign_code_lookup,high
5a0c4cd540afc3a2,DRJ 2023,DARAJAT_2023_2024,E530-30101-D235301,2023,campaign_code_lookup,high
1679a96f6c799ec8,DRJ 2023,DARAJAT_2023_2024,E530-30101-D235301,2023,campaign_code_lookup,high
a0d2ffbf8bbf3e28,DRJ 2023,DARAJAT_2023_2024,E530-30101-D235301,2023,campaign_code_lookup,high
765d8dbdbaf59d1d,DRJ 2023,DARAJAT_2023_2024,E530-30101-D235301,2023,campaign_code_lookup,high
dba3a70920091a9b,DRJ 2023,DARAJAT_2023_2024,E530-30101-D235301,2023,campaign_code_lookup,high
e23feb17a746ccae,DRJ 2023,DARAJAT_2023_2024,E530-30101-D235301,2023,campaign_code_lookup,high
f1b9ae67696dfa6a,DRJ 2023,DARAJAT_2023_2024,E530-30101-D235301,2023,campaign_code_lookup,high
2c9f1ced4271bef8,DRJ 2023,DARAJAT_2023_2024,E530-30101-D235301,2023,campaign_code_lookup,high
28872086e810391b,DRJ 2023,DARAJAT_2023_2024,E530-30101-D235301,2023,campaign_code_lookup,high
3a8860c742b29fa1,DRJ 2023,DARAJAT_2023_2024,E530-30101-D235301,2023,campaign_code_lookup,high
363b6a85e3b4fe49,DRJ 2023,DARAJAT_2023_2024,E530-30101-D235301,2023,campaign_code_lookup,high
676a2533f16f40a6,DRJ 2023,DARAJAT_2023_2024,E530-30101-D235301,2023,campaign_code_lookup,high
12e87d7a7433767d,DRJ 2023,DARAJAT_2023_2024,E530-30101-D235301,2023,campaign_code_lookup,high
6553861890ba44d8,DRJ 2023,DARAJAT_2023_2024,E530-30101-D235301,2023,campaign_code_lookup,high
0d82b2af3c99e97f,DRJ 2023,DARAJAT_2023_2024,E530-30101-D235301,2023,campaign_code_lookup,high
39931051a5137fbf,DRJ 2023,DARAJAT_2023_2024,E530-30101-D235301,2023,campaign_code_lookup,high
6623e4d107d36954,DRJ 2023,DARAJAT_2023_2024,E530-30101-D235301,2023,campaign_code_lookup,high
0a4855f4326d9a0f,DRJ 2023,DARAJAT_2023_2024,E530-30101-D235301,2023,campaign_code_lookup,high
85fbe3e46176cc28,DRJ 2023,DARAJAT_2023_2024,E530-30101-D235301,2023,campaign_code_lookup,high
ec5a9f9fc925c656,DRJ 2023,DARAJAT_2023_2024,E530-30101-D235301,2023,campaign_code_lookup,high
73356686346ba149,DRJ 2023,DARAJAT_2023_2024,E530-30101-D235301,2023,campaign_code_lookup,high
7d0995dd8f935747,DRJ 2023,DARAJAT_2023_2024,E530-30101-D235301,2023,campaign_code_lookup,high
df28ab3407348932,DRJ 2023,DARAJAT_2023_2024,E530-30101-D235301,2023,campaign_code_lookup,high
8aec3068b17d52ee,DRJ 2023,DARAJAT_2023_2024,E530-30101-D235301,2023,campaign_code_lookup,high
68df4a2fcba0f1c2,DRJ 2023,DARAJAT_2023_2024,E530-30101-D235301,2023,campaign_code_lookup,high
2dc036642cd12c6d,DRJ 2023,DARAJAT_2023_2024,E530-30101-D235301,2023,campaign_code_lookup,high
1c0d55d889589172,DRJ 2023,DARAJAT_2023_2024,E530-30101-D235301,2023,campaign_code_lookup,high
d4b71a13d2a37190,DRJ 2023,DARAJAT_2023_2024,E530-30101-D235301,2023,campaign_code_lookup,high
92e1897bece8cfa4,DRJ 2023,DARAJAT_2023_2024,E530-30101-D235301,2023,campaign_code_lookup,high
e4483a0a1e393ef1,DRJ 2023,DARAJAT_2023_2024,E530-30101-D235301,2023,campaign_code_lookup,high
d6d5b792e20b752e,DRJ 2023,DARAJAT_2023_2024,E530-30101-D235301,2023,campaign_code_lookup,high
c94f52d3f6725f32,DRJ 2023,DARAJAT_2023_2024,E530-30101-D235301,2023,campaign_code_lookup,high
104107a1e870e243,DRJ 2023,DARAJAT_2023_2024,E530-30101-D235301,2023,campaign_code_lookup,high
7857d4d4aeb80e1d,DRJ 2023,DARAJAT_2023_2024,E530-30101-D235301,2023,campaign_code_lookup,high
2d7abed93e17b9db,DRJ 2023,DARAJAT_2023_2024,E530-30101-D235301,2023,campaign_code_lookup,high
86709e8fe7af7d0e,DRJ 2023,DARAJAT_2023_2024,E530-30101-D235301,2023,campaign_code_lookup,high
0e5c3202cce8a952,DRJ 2023,DARAJAT_2023_2024,E530-30101-D235301,2023,campaign_code_lookup,high
bd69b80a4f428a39,DRJ 2023,DARAJAT_2023_2024,E530-30101-D235301,2023,campaign_code_lookup,high
edaf45588aaed347,DRJ 2023,DARAJAT_2023_2024,E530-30101-D235301,2023,campaign_code_lookup,high
5bb51791ecbc4867,DRJ 2023,DARAJAT_2023_2024,E530-30101-D235301,2023,campaign_code_lookup,high
fed03f8cef467d90,DRJ 2023,DARAJAT_2023_2024,E530-30101-D235301,2023,campaign_code_lookup,high
aad5d4d5ef6a508b,DRJ 2023,DARAJAT_2023_2024,E530-30101-D235301,2023,campaign_code_lookup,high
f666a40a8359e317,DRJ 2023,DARAJAT_2023_2024,E530-30101-D235301,2023,campaign_code_lookup,high
f8659f1cec64f113,DRJ 2023,DARAJAT_2023_2024,E530-30101-D235301,2023,campaign_code_lookup,high
15f764eee15d96fc,DRJ 2023,DARAJAT_2023_2024,E530-30101-D235301,2023,campaign_code_lookup,high
699c1f38c54ad879,DRJ 2023,DARAJAT_2023_2024,E530-30101-D235301,2023,campaign_code_lookup,high
b89b9a07a9362d55,DRJ 2023,DARAJAT_2023_2024,E530-30101-D235301,2023,campaign_code_lookup,high
b244fd77c07a836b,DRJ 2023,DARAJAT_2023_2024,E530-30101-D235301,2023,campaign_code_lookup,high
672f3777eadc2a2a,DRJ 2023,DARAJAT_2023_2024,E530-30101-D235301,2023,campaign_code_lookup,high
3ef3509c86d41c75,DRJ 2023,DARAJAT_2023_2024,E530-30101-D235301,2023,campaign_code_lookup,high
e3facbad05328fdd,DRJ 2023,DARAJAT_2023_2024,E530-30101-D235301,2023,campaign_code_lookup,high
75bd1ff0c3ea5113,DRJ 2023,DARAJAT_2023_2024,E530-30101-D235301,2023,campaign_code_lookup,high
a5b6fd6254acabf2,DRJ 2023,DARAJAT_2023_2024,E530-30101-D235301,2023,campaign_code_lookup,high
64806439b839f6b9,DRJ 2023,DARAJAT_2023_2024,E530-30101-D235301,2023,campaign_code_lookup,high
c58c2409614d85a6,DRJ 2023,DARAJAT_2023_2024,E530-30101-D235301,2023,campaign_code_lookup,high
c4a064c23284904a,DRJ 2023,DARAJAT_2023_2024,E530-30101-D235301,2023,campaign_code_lookup,high
a67968d99c788ae5,DRJ 2023,DARAJAT_2023_2024,E530-30101-D235301,2023,campaign_code_lookup,high
a14fd5d7f0bb642e,DRJ 2023,DARAJAT_2023_2024,E530-30101-D235301,2023,campaign_code_lookup,high
39b2121e50068428,DRJ 2023,DARAJAT_2023_2024,E530-30101-D235301,2023,campaign_code_lookup,high
4e07d750f5e7eafd,DRJ 2023,DARAJAT_2023_2024,E530-30101-D235301,2023,campaign_code_lookup,high
81bc34ff01a4d641,DRJ 2023,DARAJAT_2023_2024,E530-30101-D235301,2023,campaign_code_lookup,high
6fefc2201dc1577e,DRJ 2023,DARAJAT_2023_2024,E530-30101-D235301,2023,campaign_code_lookup,high
dbd76042dcff719a,DRJ 2023,DARAJAT_2023_2024,E530-30101-D235301,2023,campaign_code_lookup,high
e66e26523e229433,DRJ 2023,DARAJAT_2023_2024,E530-30101-D235301,2023,campaign_code_lookup,high
3fb1fcc9be72381b,DRJ 2023,DARAJAT_2023_2024,E530-30101-D235301,2023,campaign_code_lookup,high
2fe951ac44949697,DRJ 2023,DARAJAT_2023_2024,E530-30101-D235301,2023,campaign_code_lookup,high
8598987d6c4a54d1,DRJ 2023,DARAJAT_2023_2024,E530-30101-D235301,2023,campaign_code_lookup,high
31622a76db4a35b8,DRJ 2023,DARAJAT_2023_2024,E530-30101-D235301,2023,campaign_code_lookup,high
8e34dc83de65e204,DRJ 2023,DARAJAT_2023_2024,E530-30101-D235301,2023,campaign_code_lookup,high
61ff05e05b959df8,DRJ 2023,DARAJAT_2023_2024,E530-30101-D235301,2023,campaign_code_lookup,high
173ea2c712424a6b,DRJ 2023,DARAJAT_2023_2024,E530-30101-D235301,2023,campaign_code_lookup,high
00ee241410d05939,DRJ 2023,DARAJAT_2023_2024,E530-30101-D235301,2023,campaign_code_lookup,high
c9ddf0afbe043ab5,DRJ 2023,DARAJAT_2023_2024,E530-30101-D235301,2023,campaign_code_lookup,high
20579d3429006ca3,DRJ 2023,DARAJAT_2023_2024,E530-30101-D235301,2023,campaign_code_lookup,high
b8221f85aecef2b8,DRJ 2023,DARAJAT_2023_2024,E530-30101-D235301,2023,campaign_code_lookup,high
6ffbd8fd42997537,DRJ 2023,DARAJAT_2023_2024,E530-30101-D235301,2023,campaign_code_lookup,high
721a176004cba591,DRJ 2023,DARAJAT_2023_2024,E530-30101-D235301,2023,campaign_code_lookup,high
ec4ae1289a6c4f87,DRJ 2023,DARAJAT_2023_2024,E530-30101-D235301,2023,campaign_code_lookup,high
aee53619f756481b,DRJ 2023,DARAJAT_2023_2024,E530-30101-D235301,2023,campaign_code_lookup,high
8bb11c4818f6bc4e,DRJ 2023,DARAJAT_2023_2024,E530-30101-D235301,2023,campaign_code_lookup,high
7d605c208b4a49c7,DRJ 2023,DARAJAT_2023_2024,E530-30101-D235301,2023,campaign_code_lookup,high
1408dc8ad40829aa,DRJ 2023,DARAJAT_2023_2024,E530-30101-D235301,2023,campaign_code_lookup,high
c3e5361b5e2fbe2b,DRJ 2023,DARAJAT_2023_2024,E530-30101-D235301,2023,campaign_code_lookup,high
29364182c40ee638,DRJ 2023,DARAJAT_2023_2024,E530-30101-D235301,2023,campaign_code_lookup,high
f2b8928a159a2621,DRJ 2023,DARAJAT_2023_2024,E530-30101-D235301,2023,campaign_code_lookup,high
dd9bc3604678aaf8,DRJ 2023,DARAJAT_2023_2024,E530-30101-D235301,2023,campaign_code_lookup,high
02c696431784cebc,DRJ 2023,DARAJAT_2023_2024,E530-30101-D235301,2023,campaign_code_lookup,high
5bd0d748d069e354,DRJ 2023,DARAJAT_2023_2024,E530-30101-D235301,2023,campaign_code_lookup,high
9fb4926f28a572f9,DRJ 2023,DARAJAT_2023_2024,E530-30101-D235301,2023,campaign_code_lookup,high
4b30fd18445f334a,DRJ 2023,DARAJAT_2023_2024,E530-30101-D235301,2023,campaign_code_lookup,high
24e36242beebf3c3,DRJ 2023,DARAJAT_2023_2024,E530-30101-D235301,2023,campaign_code_lookup,high
e198e1b3056c5b90,DRJ 2023,DARAJAT_2023_2024,E530-30101-D235301,2023,campaign_code_lookup,high
87a21247ac466a27,DRJ 2023,DARAJAT_2023_2024,E530-30101-D235301,2023,campaign_code_lookup,high
7591a760d0d20900,DRJ 2023,DARAJAT_2023_2024,E530-30101-D235301,2023,campaign_code_lookup,high
7b76ecd798a0ec66,DRJ 2023,DARAJAT_2023_2024,E530-30101-D235301,2023,campaign_code_lookup,high
31c7543d7dc39a7b,DRJ 2023,DARAJAT_2023_2024,E530-30101-D235301,2023,campaign_code_lookup,high
010444fef83ee91c,DRJ 2023,DARAJAT_2023_2024,E530-30101-D235301,2023,campaign_code_lookup,high
af5ebffd53bf10dc,DRJ 2023,DARAJAT_2023_2024,E530-30101-D235301,2023,campaign_code_lookup,high
d3358c19549484cb,DRJ 2023,DARAJAT_2023_2024,E530-30101-D235301,2023,campaign_code_lookup,high
a937679537fe9d58,DRJ 2023,DARAJAT_2023_2024,E530-30101-D235301,2023,campaign_code_lookup,high
7a670c3bc624a2d8,DRJ 2023,DARAJAT_2023_2024,E530-30101-D235301,2023,campaign_code_lookup,high
ebd3ea6dab29292f,DRJ 2023,DARAJAT_2023_2024,E530-30101-D235301,2023,campaign_code_lookup,high
3d22bc92add1e40e,DRJ 2023,DARAJAT_2023_2024,E530-30101-D235301,2023,campaign_code_lookup,high
c8a8a617520020fe,DRJ 2023,DARAJAT_2023_2024,E530-30101-D235301,2023,campaign_code_lookup,high
c59930421fd3ed60,DRJ 2023,DARAJAT_2023_2024,E530-30101-D235301,2023,campaign_code_lookup,high
8f65cd9ec74bbc16,DRJ 2023,DARAJAT_2023_2024,E530-30101-D235301,2023,campaign_code_lookup,high
e27c21974e3ea830,DRJ 2023,DARAJAT_2023_2024,E530-30101-D235301,2023,campaign_code_lookup,high
b7d66ec1ec47a3ad,DRJ 2023,DARAJAT_2023_2024,E530-30101-D235301,2023,campaign_code_lookup,high
64de1e9d6a5a1dfb,DRJ 2023,DARAJAT_2023_2024,E530-30101-D235301,2023,campaign_code_lookup,high
bb28ace859be5e22,DRJ 2023,DARAJAT_2023_2024,E530-30101-D235301,2023,campaign_code_lookup,high
10b0fc211e274a8e,DRJ 2023,DARAJAT_2023_2024,E530-30101-D235301,2023,campaign_code_lookup,high
e501e4a09d3ff094,DRJ 2023,DARAJAT_2023_2024,E530-30101-D235301,2023,campaign_code_lookup,high
6063c6e48c29cb07,DRJ 2023,DARAJAT_2023_2024,E530-30101-D235301,2023,campaign_code_lookup,high
89f6115cf9087e74,DRJ 2023,DARAJAT_2023_2024,E530-30101-D235301,2023,campaign_code_lookup,high
18968de5bac166cc,DRJ 2023,DARAJAT_2023_2024,E530-30101-D235301,2023,campaign_code_lookup,high
f4cccff4a224dc08,DRJ 2023,DARAJAT_2023_2024,E530-30101-D235301,2023,campaign_code_lookup,high
dd16e698bdb607ae,DRJ 2023,DARAJAT_2023_2024,E530-30101-D235301,2023,campaign_code_lookup,high
de0518c71d961fe3,DRJ 2023,DARAJAT_2023_2024,E530-30101-D235301,2023,campaign_code_lookup,high
e9e13eda017dfc14,DRJ 2023,DARAJAT_2023_2024,E530-30101-D235301,2023,campaign_code_lookup,high
1235b0e9603df166,DRJ 2023,DARAJAT_2023_2024,E530-30101-D235301,2023,campaign_code_lookup,high
35dba0d72de5f91f,DRJ 2023,DARAJAT_2023_2024,E530-30101-D235301,2023,campaign_code_lookup,high
30aeeab233b723b6,DRJ 2023,DARAJAT_2023_2024,E530-30101-D235301,2023,campaign_code_lookup,high
531ea8b8d7b4e94e,DRJ 2023,DARAJAT_2023_2024,E530-30101-D235301,2023,campaign_code_lookup,high
b13cadfd6193724b,DRJ 2023,DARAJAT_2023_2024,E530-30101-D235301,2023,campaign_code_lookup,high
d5343db397db3577,DRJ 2023,DARAJAT_2023_2024,E530-30101-D235301,2023,campaign_code_lookup,high
7757610e040610fd,DRJ 2023,DARAJAT_2023_2024,E530-30101-D235301,2023,campaign_code_lookup,high
7ba5999d643eba6e,DRJ 2023,DARAJAT_2023_2024,E530-30101-D235301,2023,campaign_code_lookup,high
a9dec94351c7ecf8,DRJ 2023,DARAJAT_2023_2024,E530-30101-D235301,2023,campaign_code_lookup,high
5b4ba3cbd885997a,DRJ 2023,DARAJAT_2023_2024,E530-30101-D235301,2023,campaign_code_lookup,high
434e1b532efe238e,DRJ 2023,DARAJAT_2023_2024,E530-30101-D235301,2023,campaign_code_lookup,high
af4245d826ee1b90,DRJ 2023,DARAJAT_2023_2024,E530-30101-D235301,2023,campaign_code_lookup,high
e888780e7040f2d8,DRJ 2023,DARAJAT_2023_2024,E530-30101-D235301,2023,campaign_code_lookup,high
e3f9efb7e750d196,DRJ 2023,DARAJAT_2023_2024,E530-30101-D235301,2023,campaign_code_lookup,high
709140be4a00da76,DRJ 2023,DARAJAT_2023_2024,E530-30101-D235301,2023,campaign_code_lookup,high
0b3304c4f95aa14b,DRJ 2023,DARAJAT_2023_2024,E530-30101-D235301,2023,campaign_code_lookup,high
6ba70439cf0614e8,DRJ 2023,DARAJAT_2023_2024,E530-30101-D235301,2023,campaign_code_lookup,high
ff14d4b99171512c,DRJ 2023,DARAJAT_2023_2024,E530-30101-D235301,2023,campaign_code_lookup,high
0ca59fc7b16db4de,DRJ 2023,DARAJAT_2023_2024,E530-30101-D235301,2023,campaign_code_lookup,high
1e4820f3d55aea3b,DRJ 2023,DARAJAT_2023_2024,E530-30101-D235301,2023,campaign_code_lookup,high
a84135957d184d18,DRJ 2023,DARAJAT_2023_2024,E530-30101-D235301,2023,campaign_code_lookup,high
861733cfdfabb0fe,DRJ 2023,DARAJAT_2023_2024,E530-30101-D235301,2023,campaign_code_lookup,high
466fb5c00bd51535,DRJ 2023,DARAJAT_2023_2024,E530-30101-D235301,2023,campaign_code_lookup,high
a129140224aac69c,DRJ 2023,DARAJAT_2023_2024,E530-30101-D235301,2023,campaign_code_lookup,high
69b18c7fe9ac1422,DRJ 2023,DARAJAT_2023_2024,E530-30101-D235301,2023,campaign_code_lookup,high
74ce499901d3bc0d,DRJ 2023,DARAJAT_2023_2024,E530-30101-D235301,2023,campaign_code_lookup,high
7f351cecf0ec68b5,DRJ 2023,DARAJAT_2023_2024,E530-30101-D235301,2023,campaign_code_lookup,high
28a288c3ebc5e205,DRJ 2023,DARAJAT_2023_2024,E530-30101-D235301,2023,campaign_code_lookup,high
0059dad80be9d6c6,DRJ 2023,DARAJAT_2023_2024,E530-30101-D235301,2023,campaign_code_lookup,high
067a9b3db0cddf0b,DRJ 2023,DARAJAT_2023_2024,E530-30101-D235301,2023,campaign_code_lookup,high
bd0f93d0b8dcd55d,DRJ 2023,DARAJAT_2023_2024,E530-30101-D235301,2023,campaign_code_lookup,high
15fa1f1d254248ee,DRJ 2023,DARAJAT_2023_2024,E530-30101-D235301,2023,campaign_code_lookup,high
b0443150ce9a52bf,DRJ 2023,DARAJAT_2023_2024,E530-30101-D235301,2023,campaign_code_lookup,high
98616b9d903ca262,DRJ 2023,DARAJAT_2023_2024,E530-30101-D235301,2023,campaign_code_lookup,high
794e8d66a445e274,DRJ 2023,DARAJAT_2023_2024,E530-30101-D235301,2023,campaign_code_lookup,high
a58675649a0cc469,DRJ 2023,DARAJAT_2023_2024,E530-30101-D235301,2023,campaign_code_lookup,high
4d8dcf54de1d8573,DRJ 2023,DARAJAT_2023_2024,E530-30101-D235301,2023,campaign_code_lookup,high
d3018121c812aeb2,DRJ 2023,DARAJAT_2023_2024,E530-30101-D235301,2023,campaign_code_lookup,high
c68a6c0941fe048b,DRJ 2023,DARAJAT_2023_2024,E530-30101-D235301,2023,campaign_code_lookup,high
8b1198240cf7db04,DRJ 2023,DARAJAT_2023_2024,E530-30101-D235301,2023,campaign_code_lookup,high
17f79a2e50c4e70a,DRJ 2023,DARAJAT_2023_2024,E530-30101-D235301,2023,campaign_code_lookup,high
21d7234abfdd9bdc,DRJ 2023,DARAJAT_2023_2024,E530-30101-D235301,2023,campaign_code_lookup,high
5dffda15501f8441,DRJ 2023,DARAJAT_2023_2024,E530-30101-D235301,2023,campaign_code_lookup,high
792192dd0c321b6f,DRJ 2023,DARAJAT_2023_2024,E530-30101-D235301,2023,campaign_code_lookup,high
c16a1cfb6b68a64a,DRJ 2023,DARAJAT_2023_2024,E530-30101-D235301,2023,campaign_code_lookup,high
7dd7b640b91d91bc,DRJ 2023,DARAJAT_2023_2024,E530-30101-D235301,2023,campaign_code_lookup,high
2cfd970ecd4ab280,DRJ 2023,DARAJAT_2023_2024,E530-30101-D235301,2023,campaign_code_lookup,high
bdde3014b6e3e361,DRJ 2023,DARAJAT_2023_2024,E530-30101-D235301,2023,campaign_code_lookup,high
46d973cc9546da35,DRJ 2023,DARAJAT_2023_2024,E530-30101-D235301,2023,campaign_code_lookup,high
8160b4b0fbd616c3,DRJ 2023,DARAJAT_2023_2024,E530-30101-D235301,2023,campaign_code_lookup,high
3c823a112ca40081,DRJ 2023,DARAJAT_2023_2024,E530-30101-D235301,2023,campaign_code_lookup,high
3bd86974e83f2613,DRJ 2023,DARAJAT_2023_2024,E530-30101-D235301,2023,campaign_code_lookup,high
14c206d25065ea9a,DRJ 2023,DARAJAT_2023_2024,E530-30101-D235301,2023,campaign_code_lookup,high
22f1ebb132f3f93c,DRJ 2023,DARAJAT_2023_2024,E530-30101-D235301,2023,campaign_code_lookup,high
b94c424c979d4d47,DRJ 2023,DARAJAT_2023_2024,E530-30101-D235301,2023,campaign_code_lookup,high
3bb92304014e5dfa,DRJ 2023,DARAJAT_2023_2024,E530-30101-D235301,2023,campaign_code_lookup,high
29104911e92607e6,DRJ 2023,DARAJAT_2023_2024,E530-30101-D235301,2023,campaign_code_lookup,high
32afce248672bfad,DRJ 2023,DARAJAT_2023_2024,E530-30101-D235301,2023,campaign_code_lookup,high
4f070a573bdcbd74,DRJ 2023,DARAJAT_2023_2024,E530-30101-D235301,2023,campaign_code_lookup,high
4781834500a3bc72,DRJ 2023,DARAJAT_2023_2024,E530-30101-D235301,2023,campaign_code_lookup,high
9baa9cfb3e012ac1,DRJ 2023,DARAJAT_2023_2024,E530-30101-D235301,2023,campaign_code_lookup,high
531bb67208cfdf2c,DRJ 2023,DARAJAT_2023_2024,E530-30101-D235301,2023,campaign_code_lookup,high
311e67369efea12a,DRJ 2023,DARAJAT_2023_2024,E530-30101-D235301,2023,campaign_code_lookup,high
04fe1de075d3177c,DRJ 2023,DARAJAT_2023_2024,E530-30101-D235301,2023,campaign_code_lookup,high
8a486698cae1e704,DRJ 2023,DARAJAT_2023_2024,E530-30101-D235301,2023,campaign_code_lookup,high
e9c1cebb69e152ac,DRJ 2023,DARAJAT_2023_2024,E530-30101-D235301,2023,campaign_code_lookup,high
ad58d6df5b5862d9,DRJ 2023,DARAJAT_2023_2024,E530-30101-D235301,2023,campaign_code_lookup,high
b99a9409243800dd,DRJ 2023,DARAJAT_2023_2024,E530-30101-D235301,2023,campaign_code_lookup,high
86576c49e28b89b6,DRJ 2023,DARAJAT_2023_2024,E530-30101-D235301,2023,campaign_code_lookup,high
ff109bd77a5b840b,DRJ 2023,DARAJAT_2023_2024,E530-30101-D235301,2023,campaign_code_lookup,high
9563f09b50c39b01,DRJ 2023,DARAJAT_2023_2024,E530-30101-D235301,2023,campaign_code_lookup,high
e7231976794614e5,DRJ 2023,DARAJAT_2023_2024,E530-30101-D235301,2023,campaign_code_lookup,high
e6c2659b3e28ecc0,DRJ 2023,DARAJAT_2023_2024,E530-30101-D235301,2023,campaign_code_lookup,high
d4dcc0f391557433,DRJ 2023,DARAJAT_2023_2024,E530-30101-D235301,2023,campaign_code_lookup,high
2ad81d09a3bf0450,DRJ 2023,DARAJAT_2023_2024,E530-30101-D235301,2023,campaign_code_lookup,high
915144f2e5093872,DRJ 2023,DARAJAT_2023_2024,E530-30101-D235301,2023,campaign_code_lookup,high
506849c7734a40f8,DRJ 2023,DARAJAT_2023_2024,E530-30101-D235301,2023,campaign_code_lookup,high
6f7d2aad0cc89134,DRJ 2023,DARAJAT_2023_2024,E530-30101-D235301,2023,campaign_code_lookup,high
9ce6cfff3acc9266,DRJ 2023,DARAJAT_2023_2024,E530-30101-D235301,2023,campaign_code_lookup,high
682d3c067bd6ac37,DRJ 2023,DARAJAT_2023_2024,E530-30101-D235301,2023,campaign_code_lookup,high
04214a468f58824a,DRJ 2023,DARAJAT_2023_2024,E530-30101-D235301,2023,campaign_code_lookup,high
89500fab94989b17,DRJ 2023,DARAJAT_2023_2024,E530-30101-D235301,2023,campaign_code_lookup,high
1cc8d5bf6af55ede,DRJ 2023,DARAJAT_2023_2024,E530-30101-D235301,2023,campaign_code_lookup,high
61c7659e5a231b83,DRJ 2023,DARAJAT_2023_2024,E530-30101-D235301,2023,campaign_code_lookup,high
2bcd231e1874374a,DRJ 2023,DARAJAT_2023_2024,E530-30101-D235301,2023,campaign_code_lookup,high
